transaction_id,customer_id,product_id,date,quantity,total_price,discount,payment_method
T00001,C0588,P026,2024-12-07,5,111.25,0,Online
T00002,C0252,P042,2024-11-28,5,184.05,10,Transfer
T00003,C0023,P018,2023-08-16,1,38.82,10,Transfer
T00004,C0457,P096,2023-12-16,2,43.76,5,Transfer
T00005,C0480,P030,2025-05-13,4,211.82,10,Transfer
T00006,C0204,P087,2023-09-11,3,102.52,10,Card
T00007,C0144,P016,2025-03-07,4,180.23,15,Online
T00008,C0499,P103,2025-04-06,1,30.35,0,Transfer
T00009,C0017,P073,2025-04-03,4,36.88,0,Transfer
T00010,C0552,P063,2024-11-24,3,128.98,10,Card
T00011,C0078,P073,2023-11-05,1,9.22,0,Cash
T00012,C0526,P109,2025-01-10,1,25.81,15,Cash
T00013,C0075,P099,2023-11-04,4,175.36,10,Online
T00014,C0463,P114,2023-08-01,2,94.7,10,Card
T00015,C0187,P083,2024-05-15,5,187.11,10,Online
T00016,C0541,P100,2024-07-30,4,73.72,0,Online
T00017,C0589,P038,2023-09-19,1,13.99,15,Card
T00018,C0009,P029,2025-03-22,3,26.39,15,Cash
T00019,C0266,P110,2024-03-08,2,99.14,10,Online
T00020,C0206,P099,2024-03-04,5,219.19,10,Cash
T00021,C0194,P099,2024-09-06,2,92.55,5,Transfer
T00022,C0186,P013,2024-10-26,1,15.15,0,Cash
T00023,C0554,P045,2023-11-22,1,23.45,10,Transfer
T00024,C0236,P085,2024-10-25,2,110.81,5,Transfer
T00025,C0168,P055,2023-12-05,3,141.07,5,Cash
T00026,C0364,P004,2025-06-22,2,91.19,15,Card
T00027,C0385,P004,2024-08-21,4,203.83,5,Online
T00028,C0051,P058,2024-04-29,4,76.53,15,Cash
T00029,C0211,P099,2025-06-26,4,194.84,0,Card
T00030,C0180,P065,2024-05-25,5,168.2,0,Cash
T00031,C0215,P016,2023-09-29,4,190.84,10,Transfer
T00032,C0426,P025,2023-12-25,2,118.18,0,Transfer
T00033,C0490,P033,2023-12-11,5,148.0,0,Online
T00034,C0017,P001,2023-09-18,4,51.58,15,Online
T00035,C0103,P046,2024-03-30,3,90.91,10,Card
T00036,C0445,P109,2024-03-05,3,86.55,5,Card
T00037,C0400,P113,2023-11-09,4,282.96,0,Transfer
T00038,C0332,P006,2023-07-09,2,107.67,5,Cash
T00039,C0579,P002,2024-05-05,2,70.13,5,Cash
T00040,C0482,P098,2024-11-16,1,25.69,0,Cash
T00041,C0301,P048,2024-02-28,5,59.92,15,Cash
T00042,C0430,P023,2023-07-07,2,86.81,5,Cash
T00043,C0374,P113,2024-04-25,1,67.2,5,Card
T00044,C0510,P027,2023-12-10,3,15.07,15,Transfer
T00045,C0272,P080,2024-06-18,3,143.28,0,Card
T00046,C0340,P004,2023-12-15,4,214.56,0,Cash
T00047,C0418,P006,2023-08-18,5,240.85,15,Cash
T00048,C0162,P013,2024-11-20,1,13.63,10,Cash
T00049,C0095,P054,2025-03-22,1,35.72,0,Online
T00050,C0476,P054,2024-01-30,5,151.81,15,Cash
T00051,C0001,P040,2024-11-13,4,164.29,15,Transfer
T00052,C0132,P042,2024-10-24,5,184.05,10,Card
T00053,C0490,P064,2024-04-09,5,124.12,5,Cash
T00054,C0225,P066,2023-08-01,2,103.8,5,Cash
T00055,C0085,P096,2023-08-19,1,19.58,15,Transfer
T00056,C0108,P032,2025-05-15,2,41.22,10,Cash
T00057,C0309,P043,2023-12-14,4,51.01,10,Cash
T00058,C0336,P055,2024-05-12,3,141.07,5,Card
T00059,C0395,P081,2024-02-17,1,40.52,5,Cash
T00060,C0015,P019,2025-02-13,1,33.78,5,Cash
T00061,C0407,P042,2024-10-05,1,34.77,15,Online
T00062,C0353,P025,2024-07-20,5,251.13,15,Online
T00063,C0220,P059,2023-09-15,5,202.81,10,Online
T00064,C0121,P096,2025-01-01,3,62.18,10,Transfer
T00065,C0191,P033,2024-08-17,3,75.48,15,Online
T00066,C0099,P086,2025-03-03,3,75.33,10,Card
T00067,C0375,P055,2025-06-13,1,47.02,5,Card
T00068,C0233,P059,2025-04-18,1,45.07,0,Transfer
T00069,C0130,P112,2024-09-12,3,45.85,10,Online
T00070,C0447,P071,2023-11-08,1,10.17,5,Online
T00071,C0524,P025,2024-01-09,2,112.27,5,Card
T00072,C0204,P094,2023-09-09,3,145.04,5,Card
T00073,C0546,P047,2024-10-05,5,80.7,5,Cash
T00074,C0384,P021,2024-03-05,1,22.57,5,Cash
T00075,C0156,P070,2024-10-30,5,38.89,15,Cash
T00076,C0286,P007,2024-12-19,4,94.61,10,Online
T00077,C0535,P054,2024-04-24,4,121.45,15,Transfer
T00078,C0140,P093,2024-12-05,3,56.94,0,Card
T00079,C0258,P091,2025-06-15,5,126.27,10,Cash
T00080,C0069,P008,2025-02-16,4,207.29,5,Cash
T00081,C0493,P106,2024-12-17,2,130.62,5,Online
T00082,C0164,P083,2023-10-09,4,141.37,15,Cash
T00083,C0255,P107,2024-03-11,3,148.2,0,Cash
T00084,C0283,P018,2023-11-11,4,172.52,0,Cash
T00085,C0211,P057,2024-11-02,2,71.12,10,Transfer
T00086,C0012,P082,2025-02-08,1,53.65,10,Card
T00087,C0483,P030,2025-05-14,4,211.82,10,Card
T00088,C0555,P096,2024-12-13,5,97.88,15,Cash
T00089,C0073,P113,2024-02-29,3,191.0,10,Card
T00090,C0391,P108,2025-04-19,3,68.49,0,Online
T00091,C0437,P075,2024-11-26,2,44.52,15,Transfer
T00092,C0231,P067,2024-07-06,1,22.72,0,Transfer
T00093,C0248,P112,2023-08-19,4,57.73,15,Online
T00094,C0059,P082,2024-03-14,1,53.65,10,Transfer
T00095,C0258,P082,2023-07-11,5,268.25,10,Online
T00096,C0258,P046,2024-10-12,1,33.67,0,Card
T00097,C0498,P032,2025-06-05,5,97.33,15,Cash
T00098,C0445,P086,2024-09-24,3,83.7,0,Online
T00099,C0575,P078,2024-06-10,5,165.5,15,Online
T00100,C0044,P078,2024-04-19,1,38.94,0,Card
T00101,C0121,P098,2024-07-28,2,46.24,10,Online
T00102,C0404,P092,2024-11-06,1,14.11,10,Online
T00103,C0472,P074,2025-01-24,5,170.2,0,Online
T00104,C0443,P086,2023-12-25,1,26.5,5,Cash
T00105,C0025,P081,2024-07-23,3,127.95,0,Transfer
T00106,C0423,P103,2024-09-26,1,25.8,15,Transfer
T00107,C0368,P105,2024-12-26,3,162.86,10,Cash
T00108,C0284,P058,2023-07-08,1,20.26,10,Online
T00109,C0270,P099,2023-12-25,2,92.55,5,Transfer
T00110,C0411,P097,2023-07-14,3,165.76,5,Online
T00111,C0092,P043,2024-10-18,3,40.38,5,Transfer
T00112,C0314,P013,2025-02-06,1,12.88,15,Transfer
T00113,C0510,P082,2025-05-24,2,101.34,15,Cash
T00114,C0272,P110,2023-10-02,4,198.29,10,Transfer
T00115,C0449,P115,2024-02-22,3,69.2,5,Cash
T00116,C0331,P003,2023-12-28,1,30.31,5,Transfer
T00117,C0519,P090,2025-01-21,5,180.63,10,Cash
T00118,C0408,P080,2024-05-25,1,45.37,5,Card
T00119,C0093,P092,2025-02-05,5,66.64,15,Transfer
T00120,C0150,P092,2024-01-03,3,42.34,10,Online
T00121,C0137,P118,2024-10-21,4,46.16,0,Transfer
T00122,C0584,P011,2023-08-28,3,86.33,5,Online
T00123,C0042,P032,2023-08-13,5,108.78,5,Transfer
T00124,C0027,P064,2023-10-12,2,49.65,5,Cash
T00125,C0232,P057,2024-04-13,2,75.07,5,Card
T00126,C0304,P032,2024-07-19,1,19.46,15,Online
T00127,C0425,P072,2024-02-13,5,250.75,5,Online
T00128,C0191,P109,2023-12-01,5,129.07,15,Online
T00129,C0268,P091,2023-10-23,3,75.76,10,Online
T00130,C0380,P047,2024-04-14,2,30.58,10,Transfer
T00131,C0079,P089,2023-12-03,2,57.58,10,Cash
T00132,C0552,P075,2024-11-07,2,52.38,0,Online
T00133,C0549,P041,2023-07-27,1,24.18,5,Transfer
T00134,C0568,P106,2023-12-29,2,116.88,15,Transfer
T00135,C0589,P108,2025-06-14,1,19.41,15,Online
T00136,C0510,P076,2025-01-11,4,135.44,0,Cash
T00137,C0023,P072,2024-10-04,4,211.16,0,Transfer
T00138,C0489,P112,2024-06-06,2,33.96,0,Transfer
T00139,C0067,P093,2025-01-22,3,51.25,10,Card
T00140,C0503,P056,2025-05-09,2,31.96,15,Cash
T00141,C0463,P040,2024-03-09,5,217.44,10,Transfer
T00142,C0239,P073,2023-10-10,5,39.19,15,Cash
T00143,C0553,P088,2024-01-30,5,148.81,10,Card
T00144,C0055,P092,2024-02-29,3,47.04,0,Card
T00145,C0066,P068,2024-11-08,4,186.31,5,Cash
T00146,C0255,P077,2025-02-28,2,34.73,5,Card
T00147,C0507,P094,2025-02-07,1,45.8,10,Card
T00148,C0097,P052,2023-07-28,5,164.18,15,Online
T00149,C0391,P090,2024-08-05,4,152.53,5,Transfer
T00150,C0188,P013,2025-03-03,3,40.91,10,Cash
T00151,C0441,P113,2024-05-15,3,180.39,15,Card
T00152,C0189,P034,2024-11-12,4,106.1,5,Cash
T00153,C0360,P083,2025-03-20,1,37.42,10,Online
T00154,C0097,P068,2024-02-07,3,147.09,0,Card
T00155,C0571,P008,2025-01-30,3,163.65,0,Cash
T00156,C0002,P068,2023-07-16,1,49.03,0,Transfer
T00157,C0394,P040,2023-12-22,1,43.49,10,Card
T00158,C0177,P025,2025-04-15,5,251.13,15,Cash
T00159,C0549,P028,2025-01-17,3,197.85,0,Cash
T00160,C0384,P074,2024-03-11,2,57.87,15,Cash
T00161,C0520,P020,2024-03-20,4,76.0,0,Card
T00162,C0551,P114,2024-01-02,1,47.35,10,Transfer
T00163,C0111,P045,2023-12-04,2,49.51,5,Card
T00164,C0510,P025,2024-08-19,5,280.68,5,Transfer
T00165,C0466,P119,2023-08-09,5,117.47,15,Online
T00166,C0120,P086,2025-06-01,5,139.5,0,Transfer
T00167,C0253,P047,2025-06-09,2,32.28,5,Online
T00168,C0193,P102,2024-11-25,4,207.56,0,Transfer
T00169,C0061,P118,2024-01-06,4,46.16,0,Card
T00170,C0329,P117,2025-03-11,5,92.39,15,Cash
T00171,C0290,P042,2024-12-12,2,69.53,15,Cash
T00172,C0300,P081,2024-12-19,4,145.01,15,Online
T00173,C0387,P011,2025-01-06,4,121.16,0,Online
T00174,C0107,P042,2023-12-17,5,173.82,15,Online
T00175,C0314,P064,2024-10-12,3,78.39,0,Card
T00176,C0193,P012,2025-05-05,3,90.57,5,Transfer
T00177,C0050,P069,2024-04-19,1,21.19,0,Transfer
T00178,C0395,P025,2024-08-06,3,177.27,0,Online
T00179,C0521,P068,2024-03-03,2,88.25,10,Card
T00180,C0220,P013,2023-11-17,4,57.57,5,Cash
T00181,C0328,P010,2024-06-05,2,80.61,15,Cash
T00182,C0585,P082,2024-10-29,5,298.05,0,Card
T00183,C0391,P027,2023-07-02,1,5.32,10,Card
T00184,C0247,P085,2023-08-17,3,166.21,5,Online
T00185,C0234,P048,2025-05-03,4,56.4,0,Cash
T00186,C0146,P077,2024-07-13,2,32.9,10,Online
T00187,C0585,P091,2023-08-21,3,79.97,5,Transfer
T00188,C0420,P089,2023-11-24,1,27.19,15,Online
T00189,C0387,P036,2023-08-07,2,79.44,15,Transfer
T00190,C0011,P081,2024-11-01,4,170.6,0,Online
T00191,C0132,P085,2023-10-15,2,116.64,0,Card
T00192,C0119,P021,2025-06-25,4,95.04,0,Cash
T00193,C0550,P042,2023-12-03,2,73.62,10,Online
T00194,C0292,P069,2023-10-03,3,57.21,10,Transfer
T00195,C0112,P098,2023-09-07,1,21.84,15,Cash
T00196,C0089,P072,2023-11-09,4,200.6,5,Cash
T00197,C0531,P005,2024-09-30,4,123.22,15,Card
T00198,C0115,P030,2024-08-27,1,50.01,15,Cash
T00199,C0086,P098,2025-04-03,1,24.41,5,Online
T00200,C0380,P057,2025-03-06,2,67.17,15,Card
T00201,C0516,P099,2025-06-20,2,92.55,5,Transfer
T00202,C0045,P073,2023-12-03,1,8.76,5,Transfer
T00203,C0257,P118,2023-12-28,2,20.77,10,Online
T00204,C0206,P116,2024-07-26,1,7.32,15,Online
T00205,C0157,P038,2023-08-27,5,82.3,0,Cash
T00206,C0189,P081,2024-05-24,2,76.77,10,Online
T00207,C0026,P112,2025-01-11,4,67.92,0,Cash
T00208,C0542,P037,2024-06-24,5,64.79,5,Cash
T00209,C0561,P041,2024-02-24,1,25.45,0,Card
T00210,C0420,P067,2023-11-02,5,113.6,0,Cash
T00211,C0330,P048,2025-01-08,1,13.39,5,Card
T00212,C0240,P001,2023-11-28,4,60.68,0,Card
T00213,C0397,P099,2024-01-04,5,243.55,0,Cash
T00214,C0037,P073,2024-05-22,5,46.1,0,Card
T00215,C0488,P120,2023-11-12,5,259.29,15,Transfer
T00216,C0397,P058,2024-10-10,2,38.27,15,Transfer
T00217,C0354,P082,2024-01-07,4,202.67,15,Cash
T00218,C0466,P069,2024-02-18,3,60.39,5,Cash
T00219,C0294,P082,2024-02-04,2,101.34,15,Transfer
T00220,C0165,P048,2024-09-17,1,11.98,15,Transfer
T00221,C0148,P006,2024-06-10,4,192.68,15,Cash
T00222,C0412,P017,2024-11-02,3,159.17,5,Online
T00223,C0432,P114,2023-12-01,4,178.87,15,Online
T00224,C0455,P050,2024-01-25,4,130.43,10,Transfer
T00225,C0334,P086,2025-04-27,4,106.02,5,Cash
T00226,C0252,P028,2025-02-23,2,125.31,5,Transfer
T00227,C0475,P071,2024-07-05,4,38.56,10,Transfer
T00228,C0219,P051,2023-08-29,2,39.35,15,Card
T00229,C0556,P084,2024-04-02,4,92.12,10,Online
T00230,C0053,P026,2024-05-02,2,40.05,10,Cash
T00231,C0394,P120,2024-04-16,5,259.29,15,Cash
T00232,C0454,P004,2023-11-05,2,91.19,15,Cash
T00233,C0280,P096,2024-06-27,5,109.39,5,Online
T00234,C0589,P101,2024-06-04,2,50.39,5,Online
T00235,C0325,P060,2024-05-21,2,80.86,5,Online
T00236,C0324,P079,2024-07-24,5,225.2,0,Card
T00237,C0067,P011,2024-10-13,1,30.29,0,Card
T00238,C0340,P110,2025-01-18,1,49.57,10,Transfer
T00239,C0208,P096,2024-05-29,2,43.76,5,Transfer
T00240,C0068,P047,2025-02-07,5,76.45,10,Online
T00241,C0487,P044,2023-10-27,2,106.43,10,Transfer
T00242,C0104,P103,2025-03-25,5,144.16,5,Cash
T00243,C0168,P054,2025-03-05,1,30.36,15,Cash
T00244,C0576,P071,2024-07-06,4,38.56,10,Cash
T00245,C0117,P085,2023-07-13,2,99.14,15,Card
T00246,C0041,P018,2025-02-08,4,146.64,15,Online
T00247,C0489,P022,2024-04-19,1,16.55,10,Online
T00248,C0599,P074,2024-05-24,2,57.87,15,Card
T00249,C0504,P086,2025-04-21,5,125.55,10,Transfer
T00250,C0088,P114,2023-08-31,3,157.83,0,Cash
T00251,C0139,P080,2025-02-06,3,121.79,15,Cash
T00252,C0114,P120,2025-06-01,2,109.82,10,Transfer
T00253,C0086,P046,2025-06-12,5,143.1,15,Card
T00254,C0428,P022,2024-02-16,3,49.65,10,Cash
T00255,C0526,P036,2024-10-02,5,233.65,0,Online
T00256,C0327,P116,2024-08-18,2,17.22,0,Cash
T00257,C0314,P034,2023-10-24,4,94.93,15,Transfer
T00258,C0042,P035,2024-08-30,4,242.0,0,Transfer
T00259,C0565,P005,2025-01-12,2,72.48,0,Card
T00260,C0310,P049,2023-11-11,2,33.58,15,Online
T00261,C0398,P005,2024-01-13,3,92.41,15,Transfer
T00262,C0376,P103,2024-04-18,5,128.99,15,Online
T00263,C0351,P017,2024-06-22,3,150.8,10,Cash
T00264,C0501,P037,2024-02-20,3,40.92,0,Online
T00265,C0087,P104,2024-06-14,3,23.28,0,Card
T00266,C0132,P104,2024-02-02,1,7.37,5,Card
T00267,C0182,P048,2024-04-14,1,13.39,5,Cash
T00268,C0090,P111,2024-09-06,1,49.75,0,Card
T00269,C0350,P112,2024-10-10,5,84.9,0,Cash
T00270,C0597,P081,2024-07-05,4,153.54,10,Card
T00271,C0125,P008,2023-08-22,2,103.64,5,Card
T00272,C0191,P012,2024-03-12,1,31.78,0,Online
T00273,C0239,P027,2023-10-12,1,5.91,0,Online
T00274,C0329,P081,2025-01-03,5,202.59,5,Online
T00275,C0203,P091,2024-06-26,4,106.63,5,Online
T00276,C0295,P094,2023-11-27,5,254.45,0,Online
T00277,C0190,P065,2023-10-26,1,33.64,0,Cash
T00278,C0203,P034,2025-06-08,2,53.05,5,Card
T00279,C0078,P025,2023-11-22,2,106.36,10,Cash
T00280,C0167,P051,2023-07-01,5,104.17,10,Online
T00281,C0519,P082,2023-07-07,3,169.89,5,Online
T00282,C0257,P106,2025-04-27,3,195.94,5,Card
T00283,C0258,P037,2024-07-20,2,27.28,0,Card
T00284,C0065,P064,2025-01-15,3,78.39,0,Online
T00285,C0082,P087,2025-01-11,4,151.88,0,Card
T00286,C0327,P076,2024-04-13,3,101.58,0,Transfer
T00287,C0327,P058,2024-07-13,3,57.4,15,Transfer
T00288,C0512,P039,2024-05-07,4,127.62,10,Cash
T00289,C0234,P076,2025-06-16,2,67.72,0,Transfer
T00290,C0420,P060,2024-05-15,4,153.22,10,Online
T00291,C0475,P112,2025-06-27,4,57.73,15,Cash
T00292,C0146,P095,2024-04-29,4,188.19,15,Card
T00293,C0143,P101,2025-01-24,3,67.63,15,Cash
T00294,C0410,P047,2024-04-12,1,14.44,15,Cash
T00295,C0155,P076,2024-04-21,2,64.33,5,Card
T00296,C0017,P051,2024-07-12,4,87.97,5,Transfer
T00297,C0346,P026,2024-02-22,1,18.91,15,Online
T00298,C0163,P039,2024-11-06,5,159.53,10,Cash
T00299,C0195,P063,2024-09-26,5,203.02,15,Online
T00300,C0446,P110,2023-08-22,2,93.64,15,Card
T00301,C0362,P014,2024-05-10,1,40.09,10,Online
T00302,C0297,P019,2025-05-15,2,60.45,15,Cash
T00303,C0427,P063,2023-07-28,1,42.99,10,Cash
T00304,C0347,P081,2025-06-12,3,108.76,15,Card
T00305,C0133,P068,2023-10-02,3,132.38,10,Transfer
T00306,C0132,P048,2024-04-21,5,59.92,15,Card
T00307,C0019,P058,2025-06-21,3,57.4,15,Cash
T00308,C0215,P042,2024-09-09,2,73.62,10,Online
T00309,C0288,P072,2023-11-01,3,142.53,10,Cash
T00310,C0131,P042,2023-11-25,5,194.28,5,Cash
T00311,C0256,P063,2025-02-09,5,203.02,15,Card
T00312,C0321,P066,2024-05-31,1,46.44,15,Cash
T00313,C0330,P011,2024-01-12,5,128.73,15,Online
T00314,C0273,P009,2025-02-16,4,25.06,15,Cash
T00315,C0283,P092,2025-06-06,2,28.22,10,Card
T00316,C0486,P032,2025-01-31,2,45.8,0,Transfer
T00317,C0365,P106,2025-01-08,5,292.19,15,Cash
T00318,C0280,P041,2024-03-24,4,91.62,10,Cash
T00319,C0193,P119,2024-07-27,5,138.2,0,Transfer
T00320,C0063,P095,2024-12-29,2,99.63,10,Cash
T00321,C0386,P055,2024-07-11,1,44.55,10,Transfer
T00322,C0210,P019,2024-11-02,3,106.68,0,Card
T00323,C0432,P011,2024-12-13,3,77.24,15,Cash
T00324,C0458,P081,2024-04-08,4,162.07,5,Online
T00325,C0322,P014,2024-12-19,3,113.58,15,Transfer
T00326,C0203,P091,2023-08-11,5,119.25,15,Transfer
T00327,C0167,P076,2024-11-14,2,60.95,10,Card
T00328,C0127,P007,2024-04-22,3,67.01,15,Transfer
T00329,C0146,P041,2025-06-16,4,101.8,0,Online
T00330,C0332,P051,2024-05-22,2,41.67,10,Card
T00331,C0290,P042,2025-01-19,5,204.5,0,Card
T00332,C0136,P064,2024-01-05,1,26.13,0,Cash
T00333,C0156,P014,2024-01-02,5,211.56,5,Cash
T00334,C0095,P097,2024-07-03,3,157.03,10,Transfer
T00335,C0084,P053,2023-07-24,3,136.02,0,Online
T00336,C0411,P070,2025-06-12,1,7.78,15,Online
T00337,C0159,P071,2025-03-20,1,10.17,5,Online
T00338,C0163,P015,2024-04-03,3,67.15,5,Cash
T00339,C0058,P083,2024-10-30,5,207.9,0,Card
T00340,C0231,P062,2024-12-27,1,61.56,0,Cash
T00341,C0239,P020,2024-12-04,2,34.2,10,Transfer
T00342,C0397,P097,2023-07-19,4,232.64,0,Transfer
T00343,C0505,P004,2024-12-20,4,214.56,0,Card
T00344,C0205,P076,2024-11-26,1,32.17,5,Cash
T00345,C0597,P063,2024-11-10,1,42.99,10,Card
T00346,C0596,P113,2023-10-20,3,201.61,5,Online
T00347,C0218,P020,2024-01-16,5,95.0,0,Transfer
T00348,C0273,P072,2024-10-10,3,134.61,15,Cash
T00349,C0207,P097,2024-06-15,5,261.72,10,Transfer
T00350,C0201,P042,2024-12-07,3,104.29,15,Card
T00351,C0293,P058,2023-10-20,1,19.13,15,Online
T00352,C0210,P024,2024-01-11,1,60.83,0,Online
T00353,C0110,P096,2024-01-06,2,43.76,5,Transfer
T00354,C0220,P114,2024-10-07,5,236.75,10,Transfer
T00355,C0475,P007,2024-09-19,2,47.3,10,Cash
T00356,C0524,P004,2024-11-23,3,160.92,0,Cash
T00357,C0186,P111,2025-04-11,3,141.79,5,Online
T00358,C0398,P093,2023-10-31,3,48.4,15,Online
T00359,C0170,P118,2023-07-07,4,39.24,15,Transfer
T00360,C0255,P010,2023-09-26,5,237.1,0,Card
T00361,C0032,P080,2025-02-15,1,47.76,0,Transfer
T00362,C0001,P039,2023-09-07,4,120.53,15,Cash
T00363,C0100,P007,2024-11-09,3,74.9,5,Cash
T00364,C0434,P095,2024-12-31,3,166.05,0,Transfer
T00365,C0428,P084,2025-06-09,1,23.03,10,Card
T00366,C0123,P039,2024-04-21,2,63.81,10,Online
T00367,C0210,P016,2024-05-01,1,45.06,15,Cash
T00368,C0015,P015,2024-12-27,1,22.38,5,Online
T00369,C0594,P089,2024-09-25,5,143.95,10,Transfer
T00370,C0024,P090,2025-05-27,5,170.59,15,Card
T00371,C0157,P028,2023-08-29,1,56.06,15,Online
T00372,C0031,P005,2024-08-03,4,123.22,15,Online
T00373,C0423,P023,2025-06-03,1,45.69,0,Card
T00374,C0288,P091,2023-11-21,3,71.55,15,Cash
T00375,C0274,P004,2025-05-08,3,152.87,5,Cash
T00376,C0459,P104,2024-05-21,1,7.76,0,Online
T00377,C0573,P090,2023-11-03,4,152.53,5,Card
T00378,C0294,P047,2025-04-02,1,15.29,10,Online
T00379,C0484,P070,2024-05-24,2,16.47,10,Transfer
T00380,C0565,P070,2024-01-10,2,16.47,10,Transfer
T00381,C0417,P023,2024-12-16,5,194.18,15,Transfer
T00382,C0479,P045,2024-02-17,3,74.27,5,Online
T00383,C0556,P053,2024-07-20,3,115.62,15,Card
T00384,C0260,P114,2024-08-15,2,94.7,10,Transfer
T00385,C0478,P058,2024-11-20,5,106.92,5,Card
T00386,C0352,P065,2025-05-16,2,60.55,10,Cash
T00387,C0588,P018,2024-04-20,2,73.32,15,Card
T00388,C0430,P113,2024-09-25,1,70.74,0,Card
T00389,C0590,P001,2024-02-22,3,43.23,5,Cash
T00390,C0343,P063,2025-01-18,1,42.99,10,Transfer
T00391,C0562,P120,2024-05-12,4,207.43,15,Cash
T00392,C0591,P045,2025-02-01,4,104.24,0,Cash
T00393,C0465,P020,2025-05-08,2,38.0,0,Card
T00394,C0508,P019,2025-06-14,1,32.0,10,Cash
T00395,C0416,P039,2025-01-13,2,70.9,0,Cash
T00396,C0025,P003,2025-05-03,1,28.72,10,Card
T00397,C0213,P024,2023-09-05,1,60.83,0,Transfer
T00398,C0464,P016,2023-09-20,4,190.84,10,Online
T00399,C0011,P090,2024-11-03,5,180.63,10,Transfer
T00400,C0398,P048,2024-09-14,2,25.38,10,Online
T00401,C0490,P082,2025-02-20,5,298.05,0,Online
T00402,C0033,P064,2025-03-08,3,70.55,10,Card
T00403,C0262,P090,2024-03-21,4,136.48,15,Card
T00404,C0433,P089,2025-03-21,5,143.95,10,Online
T00405,C0028,P049,2023-10-16,1,16.79,15,Card
T00406,C0487,P033,2024-01-22,5,148.0,0,Card
T00407,C0252,P093,2025-01-29,1,16.13,15,Online
T00408,C0346,P031,2023-12-07,5,150.41,15,Card
T00409,C0331,P040,2025-06-19,5,205.36,15,Cash
T00410,C0421,P013,2025-01-29,1,14.39,5,Card
T00411,C0519,P057,2024-05-02,1,37.53,5,Online
T00412,C0282,P090,2024-12-21,5,170.59,15,Card
T00413,C0260,P075,2024-02-22,1,22.26,15,Cash
T00414,C0463,P038,2023-07-02,2,32.92,0,Transfer
T00415,C0340,P055,2023-11-05,1,47.02,5,Card
T00416,C0204,P062,2025-03-23,4,233.93,5,Card
T00417,C0397,P100,2024-07-13,2,31.33,15,Card
T00418,C0310,P024,2023-06-29,2,109.49,10,Online
T00419,C0235,P092,2023-09-11,4,62.72,0,Card
T00420,C0169,P018,2023-08-21,2,86.26,0,Online
T00421,C0509,P047,2025-02-17,4,67.96,0,Transfer
T00422,C0557,P014,2024-12-19,4,151.44,15,Card
T00423,C0286,P056,2024-05-17,5,79.9,15,Card
T00424,C0067,P012,2024-08-08,3,85.81,10,Online
T00425,C0411,P065,2024-05-16,2,63.92,5,Card
T00426,C0025,P021,2024-11-17,1,22.57,5,Cash
T00427,C0457,P085,2024-02-06,5,262.44,10,Transfer
T00428,C0490,P009,2025-01-17,2,12.53,15,Card
T00429,C0574,P006,2024-05-27,2,107.67,5,Cash
T00430,C0308,P018,2023-11-07,4,172.52,0,Transfer
T00431,C0062,P066,2023-11-12,1,54.63,0,Transfer
T00432,C0600,P068,2024-04-14,1,44.13,10,Cash
T00433,C0328,P118,2023-11-19,2,19.62,15,Cash
T00434,C0194,P085,2024-12-25,4,198.29,15,Online
T00435,C0220,P013,2023-10-10,2,25.76,15,Card
T00436,C0150,P086,2023-11-28,2,53.01,5,Card
T00437,C0490,P066,2024-07-09,1,51.9,5,Cash
T00438,C0424,P108,2023-11-16,3,65.07,5,Transfer
T00439,C0417,P008,2024-07-22,4,218.2,0,Transfer
T00440,C0405,P004,2023-09-21,2,96.55,10,Online
T00441,C0461,P078,2024-06-12,2,73.99,5,Online
T00442,C0522,P114,2024-09-10,4,199.92,5,Cash
T00443,C0534,P037,2025-03-21,4,54.56,0,Online
T00444,C0032,P054,2023-12-10,1,35.72,0,Cash
T00445,C0041,P048,2023-11-19,3,35.95,15,Transfer
T00446,C0476,P084,2023-12-01,3,69.09,10,Transfer
T00447,C0316,P110,2023-08-12,4,187.27,15,Online
T00448,C0574,P119,2025-01-30,5,131.29,5,Online
T00449,C0346,P012,2023-11-16,4,114.41,10,Card
T00450,C0258,P081,2025-03-17,3,115.15,10,Transfer
T00451,C0526,P030,2025-02-06,3,158.87,10,Cash
T00452,C0580,P025,2023-11-24,3,159.54,10,Cash
T00453,C0344,P067,2024-01-15,4,81.79,10,Transfer
T00454,C0435,P086,2025-05-28,2,53.01,5,Transfer
T00455,C0195,P088,2025-05-05,3,89.29,10,Cash
T00456,C0474,P075,2024-05-10,5,124.4,5,Card
T00457,C0299,P082,2024-06-04,2,113.26,5,Transfer
T00458,C0188,P114,2024-10-26,4,189.4,10,Cash
T00459,C0402,P062,2025-06-06,3,156.98,15,Transfer
T00460,C0150,P033,2024-10-25,5,148.0,0,Transfer
T00461,C0128,P049,2023-09-20,5,83.94,15,Card
T00462,C0069,P025,2025-05-02,3,150.68,15,Online
T00463,C0564,P075,2024-11-03,3,66.78,15,Cash
T00464,C0273,P007,2023-11-04,4,89.35,15,Card
T00465,C0488,P056,2023-08-28,4,67.68,10,Card
T00466,C0144,P024,2024-02-10,1,54.75,10,Card
T00467,C0043,P109,2023-09-02,1,27.33,10,Card
T00468,C0562,P069,2024-04-16,3,60.39,5,Card
T00469,C0434,P027,2023-10-02,1,5.91,0,Card
T00470,C0115,P044,2024-01-28,5,266.09,10,Transfer
T00471,C0441,P031,2023-08-16,2,67.24,5,Transfer
T00472,C0566,P046,2024-03-19,2,63.97,5,Card
T00473,C0567,P075,2023-07-21,3,74.64,5,Cash
T00474,C0393,P027,2024-09-24,5,29.55,0,Cash
T00475,C0094,P074,2023-12-27,5,153.18,10,Online
T00476,C0128,P013,2024-07-03,2,25.76,15,Cash
T00477,C0248,P059,2024-07-08,5,214.08,5,Cash
T00478,C0226,P036,2024-12-01,1,46.73,0,Cash
T00479,C0316,P056,2025-02-07,5,79.9,15,Online
T00480,C0219,P030,2023-09-14,1,58.84,0,Online
T00481,C0455,P057,2023-07-05,2,67.17,15,Online
T00482,C0024,P070,2023-08-14,3,26.08,5,Online
T00483,C0448,P102,2024-01-20,5,233.5,10,Transfer
T00484,C0022,P064,2025-01-31,5,111.05,15,Online
T00485,C0211,P048,2023-07-03,2,28.2,0,Online
T00486,C0173,P101,2024-11-25,4,100.78,5,Cash
T00487,C0322,P046,2024-09-22,4,121.21,10,Cash
T00488,C0298,P116,2025-03-01,2,14.64,15,Online
T00489,C0025,P088,2023-07-30,5,157.08,5,Card
T00490,C0464,P092,2023-09-11,1,13.33,15,Transfer
T00491,C0369,P049,2023-12-08,1,16.79,15,Online
T00492,C0457,P117,2024-08-06,4,86.96,0,Online
T00493,C0262,P045,2025-03-03,2,46.91,10,Transfer
T00494,C0267,P062,2023-07-03,2,116.96,5,Cash
T00495,C0600,P083,2024-04-14,5,197.5,5,Card
T00496,C0391,P047,2024-10-08,1,16.14,5,Card
T00497,C0163,P012,2024-08-04,5,158.9,0,Transfer
T00498,C0082,P068,2025-02-08,3,125.03,15,Cash
T00499,C0301,P019,2024-01-20,4,128.02,10,Cash
T00500,C0235,P053,2025-06-21,3,129.22,5,Card
T00501,C0238,P112,2024-07-09,1,16.98,0,Cash
T00502,C0296,P071,2024-06-29,4,36.41,15,Cash
T00503,C0242,P003,2025-02-04,2,63.82,0,Card
T00504,C0104,P035,2024-03-15,2,121.0,0,Online
T00505,C0567,P098,2024-10-09,3,73.22,5,Cash
T00506,C0547,P120,2024-05-26,2,115.92,5,Card
T00507,C0334,P110,2024-03-15,2,99.14,10,Card
T00508,C0513,P065,2024-04-10,1,28.59,15,Cash
T00509,C0172,P007,2024-12-08,4,99.86,5,Cash
T00510,C0248,P111,2025-05-19,5,223.88,10,Transfer
T00511,C0474,P032,2024-03-20,4,87.02,5,Card
T00512,C0255,P021,2024-02-27,5,118.8,0,Card
T00513,C0387,P018,2025-03-23,1,38.82,10,Online
T00514,C0542,P103,2023-12-31,4,103.19,15,Online
T00515,C0538,P060,2025-06-27,5,191.52,10,Online
T00516,C0258,P068,2024-04-03,4,186.31,5,Online
T00517,C0130,P104,2024-11-25,1,7.37,5,Card
T00518,C0377,P108,2024-05-02,3,68.49,0,Online
T00519,C0392,P049,2024-04-16,3,53.33,10,Card
T00520,C0323,P063,2024-10-14,2,95.54,0,Cash
T00521,C0446,P100,2023-08-11,2,31.33,15,Cash
T00522,C0310,P051,2024-03-30,2,43.98,5,Card
T00523,C0233,P116,2025-05-06,4,31.0,10,Online
T00524,C0409,P060,2024-03-10,4,153.22,10,Cash
T00525,C0475,P017,2025-03-15,4,223.4,0,Cash
T00526,C0150,P115,2023-09-13,1,21.85,10,Transfer
T00527,C0055,P045,2023-06-30,4,88.6,15,Online
T00528,C0080,P077,2024-06-16,3,49.36,10,Online
T00529,C0042,P120,2025-05-04,4,244.04,0,Transfer
T00530,C0340,P025,2024-12-21,3,168.41,5,Card
T00531,C0104,P019,2024-05-05,5,160.02,10,Card
T00532,C0026,P066,2025-01-11,2,98.33,10,Card
T00533,C0460,P052,2025-04-06,3,98.51,15,Transfer
T00534,C0335,P037,2025-05-17,3,40.92,0,Card
T00535,C0449,P098,2025-06-15,4,87.35,15,Card
T00536,C0562,P094,2023-10-13,5,254.45,0,Cash
T00537,C0387,P043,2023-07-17,4,51.01,10,Cash
T00538,C0146,P098,2024-10-07,2,51.38,0,Online
T00539,C0283,P051,2023-10-01,2,46.3,0,Card
T00540,C0311,P002,2025-05-02,2,70.13,5,Online
T00541,C0583,P025,2024-08-13,4,224.54,5,Online
T00542,C0561,P073,2024-01-31,3,26.28,5,Card
T00543,C0068,P021,2024-12-22,1,21.38,10,Online
T00544,C0068,P029,2025-01-31,4,39.33,5,Online
T00545,C0117,P011,2025-03-22,4,109.04,10,Transfer
T00546,C0481,P034,2024-01-07,5,125.64,10,Transfer
T00547,C0540,P020,2024-04-09,5,85.5,10,Cash
T00548,C0232,P105,2024-06-13,1,51.27,15,Online
T00549,C0279,P043,2024-10-20,5,63.76,10,Online
T00550,C0415,P007,2024-12-11,5,118.26,10,Transfer
T00551,C0110,P106,2024-11-20,2,130.62,5,Cash
T00552,C0255,P060,2025-05-03,2,85.12,0,Transfer
T00553,C0423,P096,2024-07-01,4,78.3,15,Transfer
T00554,C0307,P011,2024-07-31,2,57.55,5,Online
T00555,C0068,P100,2024-05-13,3,55.29,0,Online
T00556,C0416,P105,2024-11-21,4,229.22,5,Online
T00557,C0485,P004,2023-11-20,3,144.83,10,Card
T00558,C0316,P031,2023-06-30,4,120.33,15,Online
T00559,C0220,P052,2024-11-04,4,146.79,5,Transfer
T00560,C0250,P079,2025-03-20,2,81.07,10,Cash
T00561,C0335,P076,2024-03-04,4,135.44,0,Card
T00562,C0085,P011,2023-07-10,1,28.78,5,Online
T00563,C0505,P115,2024-11-01,1,23.07,5,Card
T00564,C0003,P061,2024-04-02,2,83.0,0,Cash
T00565,C0299,P108,2025-05-06,3,61.64,10,Card
T00566,C0042,P022,2023-08-02,3,49.65,10,Card
T00567,C0040,P075,2025-03-16,1,26.19,0,Card
T00568,C0197,P102,2025-01-19,2,88.21,15,Online
T00569,C0111,P035,2024-03-06,5,272.25,10,Card
T00570,C0292,P018,2024-12-05,1,36.66,15,Transfer
T00571,C0162,P083,2024-06-07,5,207.9,0,Online
T00572,C0230,P089,2023-12-26,3,95.97,0,Online
T00573,C0347,P086,2024-10-11,2,47.43,15,Online
T00574,C0368,P066,2024-07-08,3,147.5,10,Online
T00575,C0429,P104,2024-05-03,2,13.97,10,Transfer
T00576,C0216,P031,2025-01-22,4,134.48,5,Cash
T00577,C0038,P011,2024-10-15,1,30.29,0,Cash
T00578,C0111,P058,2025-03-05,2,42.77,5,Card
T00579,C0290,P099,2023-08-30,3,131.52,10,Cash
T00580,C0494,P056,2024-03-24,4,75.2,0,Transfer
T00581,C0215,P115,2024-05-25,4,97.12,0,Transfer
T00582,C0161,P051,2025-06-26,2,41.67,10,Card
T00583,C0051,P005,2025-06-20,3,92.41,15,Cash
T00584,C0510,P060,2025-06-20,4,153.22,10,Online
T00585,C0137,P105,2024-07-01,3,153.82,15,Transfer
T00586,C0581,P112,2024-11-20,2,33.96,0,Cash
T00587,C0257,P054,2025-04-23,1,30.36,15,Transfer
T00588,C0152,P006,2024-12-22,2,107.67,5,Online
T00589,C0285,P117,2025-05-31,2,41.31,5,Online
T00590,C0040,P099,2023-09-14,1,43.84,10,Transfer
T00591,C0382,P044,2025-01-18,1,59.13,0,Online
T00592,C0514,P026,2024-04-21,2,42.27,5,Transfer
T00593,C0518,P036,2024-02-11,5,198.6,15,Cash
T00594,C0446,P099,2024-10-11,1,41.4,15,Transfer
T00595,C0552,P097,2023-11-26,4,232.64,0,Transfer
T00596,C0341,P003,2024-12-31,4,127.64,0,Online
T00597,C0428,P119,2023-10-17,4,105.03,5,Transfer
T00598,C0229,P058,2025-05-03,3,60.78,10,Card
T00599,C0235,P086,2024-08-04,5,125.55,10,Online
T00600,C0272,P001,2025-05-08,5,72.06,5,Card
T00601,C0228,P106,2024-09-14,4,261.25,5,Online
T00602,C0003,P056,2025-02-26,1,18.8,0,Transfer
T00603,C0549,P105,2025-04-23,5,256.36,15,Card
T00604,C0514,P112,2025-01-04,3,50.94,0,Online
T00605,C0595,P028,2024-07-23,5,296.77,10,Card
T00606,C0241,P119,2023-07-22,4,99.5,10,Cash
T00607,C0559,P084,2023-10-05,2,51.18,0,Online
T00608,C0082,P043,2024-07-18,2,24.09,15,Card
T00609,C0102,P017,2025-03-07,3,159.17,5,Transfer
T00610,C0264,P054,2023-09-03,2,60.72,15,Cash
T00611,C0168,P047,2024-02-17,1,15.29,10,Transfer
T00612,C0556,P089,2025-04-04,5,159.95,0,Card
T00613,C0160,P112,2024-12-01,1,16.98,0,Cash
T00614,C0068,P100,2024-08-27,3,52.53,5,Card
T00615,C0463,P044,2025-05-07,1,50.26,15,Card
T00616,C0493,P086,2024-06-24,5,125.55,10,Card
T00617,C0365,P101,2023-11-05,1,23.87,10,Cash
T00618,C0398,P104,2025-05-24,2,13.97,10,Card
T00619,C0089,P009,2024-06-08,2,14.0,5,Transfer
T00620,C0165,P067,2023-09-25,5,107.92,5,Online
T00621,C0360,P004,2024-07-06,3,136.78,15,Online
T00622,C0107,P104,2024-11-23,5,32.98,15,Cash
T00623,C0172,P025,2024-08-20,5,251.13,15,Card
T00624,C0233,P107,2024-01-01,4,167.96,15,Online
T00625,C0330,P083,2024-01-03,3,118.5,5,Card
T00626,C0038,P058,2023-12-09,2,45.02,0,Transfer
T00627,C0018,P086,2023-11-07,3,75.33,10,Online
T00628,C0008,P041,2025-02-02,4,101.8,0,Cash
T00629,C0099,P077,2024-11-21,5,91.4,0,Cash
T00630,C0485,P064,2024-12-22,5,117.59,10,Card
T00631,C0034,P101,2023-09-05,3,75.58,5,Transfer
T00632,C0550,P106,2023-09-17,4,247.5,10,Card
T00633,C0110,P008,2024-05-30,3,155.47,5,Transfer
T00634,C0389,P020,2025-01-03,3,51.3,10,Online
T00635,C0077,P068,2023-07-20,3,147.09,0,Online
T00636,C0316,P095,2023-10-30,3,141.14,15,Card
T00637,C0027,P037,2025-06-18,3,38.87,5,Card
T00638,C0141,P120,2025-06-18,5,305.05,0,Transfer
T00639,C0117,P013,2024-03-07,3,40.91,10,Transfer
T00640,C0127,P024,2025-05-29,5,288.94,5,Card
T00641,C0238,P007,2024-04-20,3,70.96,10,Card
T00642,C0563,P120,2025-02-12,5,274.55,10,Transfer
T00643,C0103,P115,2024-01-31,4,97.12,0,Transfer
T00644,C0431,P012,2023-12-16,3,85.81,10,Card
T00645,C0141,P009,2025-01-06,1,7.37,0,Card
T00646,C0489,P006,2024-01-14,4,204.01,10,Online
T00647,C0555,P014,2024-11-26,3,126.94,5,Cash
T00648,C0084,P043,2024-07-01,2,26.92,5,Card
T00649,C0018,P061,2025-05-25,2,78.85,5,Cash
T00650,C0522,P031,2024-11-29,4,141.56,0,Transfer
T00651,C0591,P102,2023-10-01,2,88.21,15,Cash
T00652,C0061,P056,2024-11-25,2,31.96,15,Cash
T00653,C0541,P038,2023-10-11,3,46.91,5,Online
T00654,C0422,P117,2025-06-13,5,97.83,10,Transfer
T00655,C0256,P079,2024-08-16,1,38.28,15,Transfer
T00656,C0510,P001,2024-11-01,1,12.89,15,Cash
T00657,C0260,P089,2025-01-11,2,60.78,5,Card
T00658,C0255,P017,2024-07-14,1,53.06,5,Cash
T00659,C0048,P094,2023-09-06,1,43.26,15,Cash
T00660,C0224,P036,2025-03-06,1,46.73,0,Cash
T00661,C0114,P107,2024-12-16,1,41.99,15,Card
T00662,C0350,P027,2024-03-12,4,22.46,5,Cash
T00663,C0127,P112,2025-05-05,3,45.85,10,Online
T00664,C0388,P085,2023-12-18,5,262.44,10,Online
T00665,C0207,P110,2025-06-20,2,104.65,5,Online
T00666,C0362,P025,2024-09-17,2,100.45,15,Online
T00667,C0281,P056,2025-02-12,1,16.92,10,Card
T00668,C0444,P060,2025-06-14,2,85.12,0,Card
T00669,C0470,P068,2024-10-06,3,139.74,5,Online
T00670,C0114,P113,2023-08-17,3,201.61,5,Transfer
T00671,C0287,P023,2024-11-09,4,182.76,0,Online
T00672,C0543,P009,2024-03-20,5,31.32,15,Transfer
T00673,C0311,P083,2024-04-15,2,70.69,15,Cash
T00674,C0283,P108,2025-06-03,4,77.62,15,Transfer
T00675,C0165,P062,2025-01-05,2,104.65,15,Cash
T00676,C0018,P100,2025-01-25,2,31.33,15,Online
T00677,C0225,P071,2025-01-19,5,50.87,5,Card
T00678,C0275,P093,2025-01-11,3,51.25,10,Card
T00679,C0279,P111,2024-04-19,5,223.88,10,Online
T00680,C0021,P009,2024-11-16,5,36.85,0,Cash
T00681,C0290,P033,2024-11-07,2,56.24,5,Online
T00682,C0542,P001,2025-02-26,2,30.34,0,Transfer
T00683,C0568,P054,2024-09-06,5,160.74,10,Card
T00684,C0493,P025,2025-04-22,2,118.18,0,Transfer
T00685,C0436,P033,2024-06-01,3,84.36,5,Online
T00686,C0579,P073,2025-03-16,3,27.66,0,Online
T00687,C0484,P080,2023-12-26,2,90.74,5,Transfer
T00688,C0047,P110,2023-12-18,3,148.72,10,Online
T00689,C0247,P069,2024-01-15,3,54.03,15,Cash
T00690,C0442,P072,2023-09-25,1,52.79,0,Card
T00691,C0579,P115,2024-02-09,2,46.13,5,Online
T00692,C0045,P027,2023-09-04,4,20.09,15,Card
T00693,C0106,P088,2023-09-22,5,140.55,15,Cash
T00694,C0227,P095,2023-09-05,2,105.17,5,Transfer
T00695,C0100,P005,2024-03-18,3,108.72,0,Online
T00696,C0124,P036,2025-01-23,5,198.6,15,Cash
T00697,C0096,P044,2024-09-29,2,118.26,0,Card
T00698,C0257,P102,2025-06-24,5,246.48,5,Card
T00699,C0488,P089,2023-11-21,3,91.17,5,Card
T00700,C0502,P105,2025-01-26,2,102.54,15,Transfer
T00701,C0103,P012,2023-09-26,5,150.96,5,Transfer
T00702,C0001,P055,2024-09-14,3,133.65,10,Online
T00703,C0570,P090,2024-04-08,2,80.28,0,Card
T00704,C0586,P003,2023-10-04,3,90.94,5,Cash
T00705,C0161,P030,2025-04-20,1,55.9,5,Cash
T00706,C0215,P026,2024-02-26,2,40.05,10,Online
T00707,C0063,P085,2024-04-18,4,221.62,5,Cash
T00708,C0033,P016,2024-09-18,2,95.42,10,Transfer
T00709,C0443,P020,2025-01-20,1,18.05,5,Online
T00710,C0388,P001,2023-06-29,2,27.31,10,Card
T00711,C0546,P023,2024-02-24,4,182.76,0,Card
T00712,C0162,P028,2023-08-15,1,62.65,5,Online
T00713,C0112,P056,2024-09-28,2,35.72,5,Transfer
T00714,C0533,P092,2024-08-17,5,70.56,10,Online
T00715,C0162,P107,2023-11-22,5,234.65,5,Online
T00716,C0436,P023,2025-04-15,5,194.18,15,Transfer
T00717,C0324,P034,2024-04-24,5,132.62,5,Card
T00718,C0201,P052,2024-05-22,3,98.51,15,Online
T00719,C0094,P112,2024-03-02,5,84.9,0,Cash
T00720,C0056,P030,2025-02-16,5,294.2,0,Online
T00721,C0405,P117,2024-04-06,5,103.26,5,Card
T00722,C0531,P024,2025-03-08,5,288.94,5,Cash
T00723,C0247,P117,2024-12-06,1,21.74,0,Cash
T00724,C0552,P071,2025-06-22,1,9.64,10,Card
T00725,C0266,P034,2025-03-07,3,79.57,5,Cash
T00726,C0046,P055,2023-10-04,4,188.1,5,Cash
T00727,C0226,P090,2024-08-04,1,38.13,5,Online
T00728,C0074,P055,2024-11-24,5,247.5,0,Transfer
T00729,C0472,P022,2024-10-07,3,49.65,10,Card
T00730,C0034,P098,2024-09-28,1,25.69,0,Card
T00731,C0032,P011,2023-12-17,3,86.33,5,Card
T00732,C0085,P089,2023-09-18,2,54.38,15,Card
T00733,C0450,P101,2024-04-30,5,119.34,10,Card
T00734,C0027,P093,2023-07-05,2,34.16,10,Transfer
T00735,C0389,P087,2024-08-19,1,34.17,10,Transfer
T00736,C0268,P021,2025-04-20,1,22.57,5,Online
T00737,C0295,P063,2024-06-19,5,238.85,0,Cash
T00738,C0180,P106,2024-02-28,3,206.25,0,Transfer
T00739,C0389,P061,2023-10-18,1,35.27,15,Online
T00740,C0027,P006,2025-03-22,5,283.35,0,Card
T00741,C0268,P114,2024-02-13,2,89.44,15,Transfer
T00742,C0350,P012,2025-04-08,3,85.81,10,Cash
T00743,C0415,P049,2023-12-15,5,98.75,0,Cash
T00744,C0423,P020,2024-07-20,3,54.15,5,Transfer
T00745,C0379,P085,2024-12-07,1,52.49,10,Transfer
T00746,C0175,P101,2024-06-16,5,112.71,15,Card
T00747,C0566,P092,2023-10-20,1,13.33,15,Card
T00748,C0417,P027,2024-10-07,2,10.05,15,Online
T00749,C0364,P101,2024-02-03,1,25.19,5,Cash
T00750,C0067,P008,2023-10-19,3,163.65,0,Card
T00751,C0402,P033,2025-01-28,5,148.0,0,Card
T00752,C0268,P081,2024-11-25,3,121.55,5,Online
T00753,C0511,P113,2025-04-17,2,134.41,5,Online
T00754,C0193,P068,2025-03-11,1,41.68,15,Transfer
T00755,C0249,P020,2025-03-31,1,18.05,5,Online
T00756,C0303,P093,2024-12-25,2,34.16,10,Online
T00757,C0305,P021,2023-07-24,1,22.57,5,Online
T00758,C0134,P048,2024-10-05,5,59.92,15,Cash
T00759,C0107,P040,2024-03-02,3,144.96,0,Online
T00760,C0042,P106,2024-02-22,4,247.5,10,Online
T00761,C0161,P046,2024-07-22,3,90.91,10,Card
T00762,C0192,P052,2024-12-13,2,69.53,10,Transfer
T00763,C0557,P088,2023-10-01,2,59.53,10,Cash
T00764,C0024,P086,2024-01-26,1,23.71,15,Online
T00765,C0316,P053,2025-04-16,3,122.42,10,Card
T00766,C0232,P094,2024-12-27,1,45.8,10,Cash
T00767,C0570,P090,2024-09-15,5,190.66,5,Transfer
T00768,C0340,P093,2024-07-03,2,32.27,15,Card
T00769,C0349,P005,2024-10-30,3,108.72,0,Transfer
T00770,C0245,P027,2025-04-01,2,11.23,5,Transfer
T00771,C0199,P107,2023-12-12,5,222.3,10,Transfer
T00772,C0126,P051,2024-07-16,2,43.98,5,Card
T00773,C0093,P013,2024-02-09,5,64.39,15,Online
T00774,C0127,P070,2024-12-25,1,8.69,5,Cash
T00775,C0094,P081,2024-04-15,2,72.5,15,Cash
T00776,C0138,P052,2023-08-12,3,110.1,5,Card
T00777,C0417,P110,2025-03-18,1,55.08,0,Card
T00778,C0518,P064,2024-03-12,3,66.63,15,Card
T00779,C0473,P065,2023-10-24,4,134.56,0,Card
T00780,C0190,P027,2025-04-01,1,5.91,0,Card
T00781,C0343,P100,2025-01-04,4,73.72,0,Cash
T00782,C0537,P119,2023-12-08,1,26.26,5,Online
T00783,C0342,P061,2025-04-16,4,149.4,10,Transfer
T00784,C0123,P093,2025-01-17,4,75.92,0,Cash
T00785,C0402,P048,2025-06-22,5,63.45,10,Cash
T00786,C0060,P010,2025-03-18,3,142.26,0,Card
T00787,C0539,P082,2023-12-19,5,268.25,10,Card
T00788,C0553,P038,2024-12-23,2,31.27,5,Online
T00789,C0543,P062,2025-01-19,3,184.68,0,Cash
T00790,C0418,P025,2023-08-07,2,112.27,5,Cash
T00791,C0518,P019,2025-06-14,1,33.78,5,Online
T00792,C0282,P043,2025-04-30,3,36.13,15,Card
T00793,C0095,P033,2025-02-19,1,26.64,10,Cash
T00794,C0533,P069,2023-11-14,4,84.76,0,Transfer
T00795,C0022,P100,2025-04-23,3,52.53,5,Online
T00796,C0405,P055,2024-07-10,4,198.0,0,Card
T00797,C0120,P096,2025-01-12,2,39.15,15,Card
T00798,C0044,P025,2024-04-27,1,56.14,5,Transfer
T00799,C0400,P051,2024-02-15,5,115.75,0,Card
T00800,C0396,P020,2025-03-22,4,76.0,0,Transfer
T00801,C0218,P013,2024-11-21,2,28.79,5,Transfer
T00802,C0349,P046,2025-06-05,1,28.62,15,Cash
T00803,C0447,P074,2025-04-17,1,28.93,15,Online
T00804,C0435,P098,2023-10-29,5,122.03,5,Cash
T00805,C0538,P107,2023-07-14,3,133.38,10,Card
T00806,C0119,P031,2024-08-26,3,106.17,0,Online
T00807,C0199,P044,2024-04-27,3,168.52,5,Online
T00808,C0564,P095,2024-03-16,5,262.91,5,Online
T00809,C0048,P028,2024-05-21,2,118.71,10,Card
T00810,C0055,P014,2024-12-05,3,113.58,15,Card
T00811,C0049,P065,2024-06-29,3,100.92,0,Transfer
T00812,C0293,P074,2024-03-24,2,68.08,0,Online
T00813,C0262,P075,2025-02-05,2,44.52,15,Online
T00814,C0587,P104,2024-04-26,4,27.94,10,Online
T00815,C0092,P114,2024-04-26,5,236.75,10,Cash
T00816,C0549,P101,2023-08-22,3,67.63,15,Cash
T00817,C0151,P043,2024-08-10,5,70.85,0,Transfer
T00818,C0022,P099,2025-01-12,5,219.19,10,Cash
T00819,C0180,P114,2024-02-02,2,105.22,0,Cash
T00820,C0229,P038,2024-02-02,2,27.98,15,Online
T00821,C0578,P072,2024-12-19,1,44.87,15,Card
T00822,C0572,P061,2025-06-13,2,70.55,15,Card
T00823,C0469,P098,2023-11-26,4,102.76,0,Online
T00824,C0179,P096,2024-12-23,2,41.45,10,Cash
T00825,C0533,P078,2025-04-23,2,70.09,10,Transfer
T00826,C0250,P116,2024-08-26,5,40.9,5,Card
T00827,C0292,P106,2024-04-28,1,61.88,10,Online
T00828,C0121,P019,2023-09-11,5,151.13,15,Transfer
T00829,C0031,P071,2023-10-07,2,18.21,15,Transfer
T00830,C0558,P087,2024-03-05,2,64.55,15,Transfer
T00831,C0096,P101,2025-02-01,5,112.71,15,Online
T00832,C0353,P053,2025-03-03,1,43.07,5,Card
T00833,C0576,P062,2024-09-20,4,246.24,0,Cash
T00834,C0195,P104,2025-04-30,5,34.92,10,Transfer
T00835,C0124,P033,2025-03-14,2,53.28,10,Online
T00836,C0555,P020,2023-08-09,2,34.2,10,Transfer
T00837,C0042,P110,2025-04-18,1,52.33,5,Online
T00838,C0230,P001,2025-06-22,1,12.89,15,Online
T00839,C0399,P009,2024-12-30,1,7.37,0,Online
T00840,C0516,P026,2024-02-19,1,22.25,0,Cash
T00841,C0343,P106,2024-06-17,1,68.75,0,Card
T00842,C0385,P068,2024-11-17,1,44.13,10,Card
T00843,C0301,P081,2023-11-02,5,213.25,0,Transfer
T00844,C0056,P059,2024-09-18,4,171.27,5,Cash
T00845,C0597,P057,2023-10-12,4,150.14,5,Card
T00846,C0378,P029,2024-06-05,3,27.94,10,Card
T00847,C0508,P057,2024-12-19,4,142.24,10,Online
T00848,C0167,P008,2024-07-06,4,207.29,5,Online
T00849,C0422,P086,2024-02-09,2,53.01,5,Transfer
T00850,C0020,P072,2025-05-24,1,44.87,15,Online
T00851,C0394,P119,2023-10-18,1,26.26,5,Card
T00852,C0270,P003,2023-12-07,4,114.88,10,Card
T00853,C0200,P026,2023-12-14,2,37.83,15,Cash
T00854,C0092,P120,2025-03-13,2,109.82,10,Transfer
T00855,C0176,P026,2025-01-29,3,56.74,15,Card
T00856,C0479,P070,2023-11-26,1,7.78,15,Card
T00857,C0210,P109,2025-01-19,2,60.74,0,Card
T00858,C0168,P001,2024-11-14,4,60.68,0,Cash
T00859,C0433,P031,2023-07-05,5,159.25,10,Cash
T00860,C0479,P064,2024-04-04,5,117.59,10,Online
T00861,C0125,P025,2025-01-11,2,100.45,15,Card
T00862,C0559,P038,2025-04-22,3,44.44,10,Card
T00863,C0173,P111,2024-09-17,5,223.88,10,Card
T00864,C0145,P111,2023-09-15,4,179.1,10,Card
T00865,C0097,P056,2024-12-05,3,50.76,10,Card
T00866,C0243,P058,2025-02-27,2,40.52,10,Card
T00867,C0408,P061,2025-04-24,5,207.5,0,Cash
T00868,C0475,P095,2023-10-20,4,210.33,5,Cash
T00869,C0077,P002,2024-04-15,2,73.82,0,Online
T00870,C0550,P106,2024-05-24,2,137.5,0,Cash
T00871,C0268,P067,2024-12-06,4,86.34,5,Transfer
T00872,C0504,P101,2025-04-11,5,112.71,15,Cash
T00873,C0437,P111,2023-11-05,2,94.53,5,Card
T00874,C0528,P023,2025-06-16,5,205.6,10,Online
T00875,C0030,P044,2023-08-10,2,100.52,15,Card
T00876,C0505,P101,2023-09-10,5,112.71,15,Online
T00877,C0122,P059,2024-03-30,4,180.28,0,Online
T00878,C0509,P031,2024-06-30,4,134.48,5,Card
T00879,C0374,P098,2023-11-14,1,21.84,15,Cash
T00880,C0087,P085,2023-08-07,2,110.81,5,Cash
T00881,C0358,P042,2023-09-27,2,81.8,0,Online
T00882,C0375,P002,2024-08-01,3,94.12,15,Card
T00883,C0272,P052,2024-11-13,5,183.49,5,Card
T00884,C0536,P084,2024-03-16,2,51.18,0,Cash
T00885,C0336,P073,2024-09-30,4,31.35,15,Card
T00886,C0571,P076,2024-05-29,5,152.37,10,Cash
T00887,C0441,P080,2023-10-21,5,214.92,10,Card
T00888,C0163,P017,2024-10-26,1,50.27,10,Card
T00889,C0236,P085,2025-01-09,5,247.86,15,Transfer
T00890,C0520,P038,2024-05-06,2,29.63,10,Transfer
T00891,C0525,P071,2024-01-04,1,10.71,0,Transfer
T00892,C0356,P058,2023-07-24,5,95.67,15,Card
T00893,C0452,P012,2023-09-28,3,90.57,5,Cash
T00894,C0558,P052,2024-01-01,4,131.34,15,Online
T00895,C0201,P070,2024-05-01,2,18.3,0,Online
T00896,C0282,P049,2024-07-11,1,19.75,0,Online
T00897,C0507,P079,2024-02-18,5,191.42,15,Online
T00898,C0555,P020,2024-12-13,5,80.75,15,Online
T00899,C0158,P108,2024-10-03,2,41.09,10,Cash
T00900,C0506,P096,2023-11-08,1,20.73,10,Card
T00901,C0409,P083,2024-11-16,2,79.0,5,Transfer
T00902,C0054,P090,2025-01-26,3,120.42,0,Transfer
T00903,C0400,P049,2024-04-14,5,88.88,10,Online
T00904,C0583,P005,2025-02-19,1,36.24,0,Cash
T00905,C0287,P116,2024-12-16,5,40.9,5,Transfer
T00906,C0384,P035,2025-03-06,3,172.43,5,Online
T00907,C0472,P076,2024-11-29,4,128.67,5,Cash
T00908,C0362,P106,2024-11-20,5,309.38,10,Cash
T00909,C0253,P082,2023-09-05,2,107.3,10,Online
T00910,C0228,P111,2025-02-21,2,99.5,0,Transfer
T00911,C0415,P022,2024-06-22,3,55.17,0,Transfer
T00912,C0192,P069,2025-04-29,3,54.03,15,Cash
T00913,C0352,P050,2025-03-24,2,68.84,5,Online
T00914,C0227,P112,2024-11-14,2,30.56,10,Transfer
T00915,C0105,P029,2024-04-19,5,51.75,0,Online
T00916,C0379,P047,2024-01-27,1,14.44,15,Transfer
T00917,C0396,P109,2024-10-31,5,136.66,10,Card
T00918,C0329,P097,2024-11-16,4,209.38,10,Transfer
T00919,C0230,P001,2024-06-07,2,27.31,10,Card
T00920,C0525,P106,2024-04-08,5,343.75,0,Card
T00921,C0493,P077,2023-07-07,4,69.46,5,Card
T00922,C0204,P067,2023-09-29,3,64.75,5,Transfer
T00923,C0039,P012,2023-09-26,3,90.57,5,Online
T00924,C0315,P012,2023-08-31,3,85.81,10,Online
T00925,C0111,P042,2023-09-30,3,116.56,5,Card
T00926,C0222,P094,2024-07-11,2,91.6,10,Cash
T00927,C0430,P061,2024-11-07,5,207.5,0,Cash
T00928,C0437,P058,2024-11-28,3,67.53,0,Card
T00929,C0273,P109,2025-06-02,2,60.74,0,Transfer
T00930,C0090,P005,2024-07-27,3,103.28,5,Online
T00931,C0393,P079,2023-12-19,5,225.2,0,Online
T00932,C0575,P008,2023-07-15,5,259.11,5,Online
T00933,C0007,P035,2024-09-25,3,172.43,5,Cash
T00934,C0527,P068,2024-09-15,5,220.63,10,Online
T00935,C0167,P114,2024-09-14,2,94.7,10,Online
T00936,C0427,P008,2024-07-04,3,139.1,15,Online
T00937,C0552,P057,2024-01-26,3,106.68,10,Cash
T00938,C0142,P064,2024-12-17,3,70.55,10,Transfer
T00939,C0555,P081,2025-01-26,3,108.76,15,Transfer
T00940,C0325,P101,2023-09-09,5,119.34,10,Cash
T00941,C0515,P017,2025-03-05,3,167.55,0,Card
T00942,C0439,P043,2024-09-30,1,13.46,5,Card
T00943,C0041,P006,2023-11-15,2,102.01,10,Transfer
T00944,C0236,P076,2024-04-21,2,67.72,0,Cash
T00945,C0135,P083,2024-07-08,1,37.42,10,Transfer
T00946,C0071,P027,2024-11-09,1,5.32,10,Transfer
T00947,C0493,P005,2024-12-24,5,172.14,5,Online
T00948,C0569,P095,2024-05-29,2,110.7,0,Transfer
T00949,C0311,P037,2024-02-14,5,57.97,15,Online
T00950,C0503,P019,2024-09-13,4,135.13,5,Online
T00951,C0460,P116,2023-10-03,4,31.0,10,Online
T00952,C0154,P096,2023-09-13,1,21.88,5,Transfer
T00953,C0528,P095,2024-03-06,2,99.63,10,Transfer
T00954,C0215,P009,2023-08-16,5,35.01,5,Cash
T00955,C0557,P104,2025-01-02,1,7.37,5,Cash
T00956,C0065,P017,2025-06-02,2,106.12,5,Card
T00957,C0313,P080,2025-04-27,1,47.76,0,Online
T00958,C0009,P114,2025-03-06,1,49.98,5,Online
T00959,C0269,P063,2024-08-18,2,90.76,5,Online
T00960,C0354,P004,2023-11-18,5,254.79,5,Online
T00961,C0414,P067,2024-05-07,1,19.31,15,Cash
T00962,C0186,P116,2025-03-20,3,21.96,15,Online
T00963,C0329,P034,2024-12-23,3,75.38,10,Online
T00964,C0139,P049,2023-07-13,2,39.5,0,Transfer
T00965,C0146,P080,2024-04-28,1,40.6,15,Online
T00966,C0568,P031,2024-09-01,1,30.08,15,Card
T00967,C0563,P112,2025-03-23,2,28.87,15,Card
T00968,C0481,P023,2024-08-17,1,38.84,15,Cash
T00969,C0204,P057,2025-02-25,2,75.07,5,Card
T00970,C0334,P024,2025-03-19,2,115.58,5,Cash
T00971,C0422,P113,2024-08-12,2,141.48,0,Online
T00972,C0335,P085,2024-07-11,5,291.6,0,Transfer
T00973,C0242,P071,2023-08-16,5,50.87,5,Cash
T00974,C0171,P042,2024-08-04,3,116.56,5,Cash
T00975,C0328,P072,2025-04-08,3,142.53,10,Online
T00976,C0126,P063,2024-09-24,4,162.42,15,Cash
T00977,C0166,P104,2024-08-19,4,27.94,10,Cash
T00978,C0021,P074,2025-01-02,3,91.91,10,Transfer
T00979,C0592,P104,2025-03-25,4,31.04,0,Cash
T00980,C0458,P078,2025-03-02,5,165.5,15,Card
T00981,C0192,P074,2024-11-15,2,57.87,15,Card
T00982,C0166,P008,2023-10-02,3,155.47,5,Online
T00983,C0540,P117,2025-02-02,4,86.96,0,Cash
T00984,C0503,P091,2025-02-01,3,79.97,5,Cash
T00985,C0134,P020,2023-12-06,1,19.0,0,Cash
T00986,C0374,P051,2024-11-20,1,21.99,5,Cash
T00987,C0039,P114,2025-05-25,1,47.35,10,Online
T00988,C0477,P067,2023-09-27,5,96.56,15,Transfer
T00989,C0216,P089,2023-11-15,3,86.37,10,Cash
T00990,C0243,P082,2025-04-27,5,253.34,15,Card
T00991,C0042,P026,2024-10-05,1,20.02,10,Transfer
T00992,C0242,P119,2024-12-18,4,110.56,0,Transfer
T00993,C0113,P059,2023-11-14,1,40.56,10,Cash
T00994,C0216,P112,2023-07-02,5,84.9,0,Card
T00995,C0153,P083,2024-08-31,5,197.5,5,Transfer
T00996,C0025,P012,2024-06-09,3,90.57,5,Online
T00997,C0284,P084,2025-03-10,5,121.55,5,Card
T00998,C0202,P117,2024-02-27,1,18.48,15,Online
T00999,C0085,P027,2023-10-01,5,25.12,15,Card
T01000,C0118,P019,2023-07-28,4,142.24,0,Cash
T01001,C0156,P015,2023-10-06,2,44.76,5,Card
T01002,C0472,P053,2024-09-16,4,172.29,5,Card
T01003,C0118,P078,2023-12-05,1,38.94,0,Card
T01004,C0392,P052,2024-11-15,1,36.7,5,Cash
T01005,C0043,P016,2023-10-31,5,265.05,0,Online
T01006,C0140,P093,2023-09-04,3,48.4,15,Cash
T01007,C0203,P119,2024-09-06,5,131.29,5,Card
T01008,C0301,P074,2024-01-13,2,57.87,15,Online
T01009,C0346,P027,2025-04-19,5,29.55,0,Cash
T01010,C0467,P084,2025-02-01,3,76.77,0,Cash
T01011,C0289,P023,2023-07-25,1,45.69,0,Transfer
T01012,C0024,P102,2023-09-01,5,220.53,15,Cash
T01013,C0346,P111,2023-10-02,1,44.77,10,Cash
T01014,C0154,P077,2024-07-25,3,46.61,15,Cash
T01015,C0018,P108,2024-02-14,5,108.44,5,Transfer
T01016,C0359,P093,2024-04-05,4,75.92,0,Card
T01017,C0220,P092,2024-08-23,5,70.56,10,Cash
T01018,C0598,P064,2023-11-08,1,26.13,0,Cash
T01019,C0465,P016,2024-05-21,2,95.42,10,Cash
T01020,C0435,P120,2024-11-20,3,164.73,10,Transfer
T01021,C0397,P040,2023-06-28,2,91.81,5,Card
T01022,C0266,P010,2024-01-06,2,94.84,0,Cash
T01023,C0494,P120,2024-02-16,1,51.86,15,Card
T01024,C0371,P079,2023-08-02,2,76.57,15,Cash
T01025,C0571,P064,2024-08-04,3,78.39,0,Cash
T01026,C0063,P057,2025-05-30,1,33.58,15,Online
T01027,C0023,P053,2025-02-25,2,86.15,5,Cash
T01028,C0289,P068,2024-02-10,1,44.13,10,Transfer
T01029,C0268,P111,2024-11-20,2,99.5,0,Cash
T01030,C0293,P005,2024-08-15,2,72.48,0,Card
T01031,C0018,P079,2024-06-07,3,114.85,15,Online
T01032,C0578,P118,2023-10-14,4,41.54,10,Online
T01033,C0316,P080,2024-09-18,1,42.98,10,Online
T01034,C0357,P048,2024-07-12,3,35.95,15,Cash
T01035,C0253,P033,2024-12-18,4,118.4,0,Cash
T01036,C0258,P060,2024-02-26,4,170.24,0,Card
T01037,C0046,P072,2024-08-06,1,52.79,0,Card
T01038,C0040,P027,2025-06-04,1,5.02,15,Cash
T01039,C0103,P058,2024-03-27,4,81.04,10,Card
T01040,C0501,P021,2024-10-10,4,95.04,0,Card
T01041,C0530,P013,2024-08-19,3,38.63,15,Card
T01042,C0152,P076,2024-07-28,1,33.86,0,Transfer
T01043,C0063,P060,2023-12-07,1,40.43,5,Card
T01044,C0419,P058,2024-12-13,1,21.38,5,Card
T01045,C0474,P092,2023-09-12,2,28.22,10,Card
T01046,C0049,P105,2024-11-23,3,162.86,10,Transfer
T01047,C0504,P039,2025-03-25,2,60.27,15,Cash
T01048,C0117,P091,2023-08-01,2,56.12,0,Card
T01049,C0579,P056,2023-12-29,2,33.84,10,Transfer
T01050,C0458,P055,2023-07-26,4,178.2,10,Online
T01051,C0031,P027,2023-11-21,1,5.91,0,Transfer
T01052,C0204,P086,2023-10-16,2,47.43,15,Cash
T01053,C0451,P119,2024-02-15,3,70.48,15,Online
T01054,C0448,P106,2025-04-22,2,137.5,0,Transfer
T01055,C0600,P009,2025-04-04,5,35.01,5,Cash
T01056,C0487,P003,2023-12-12,1,31.91,0,Transfer
T01057,C0413,P054,2023-10-10,4,142.88,0,Transfer
T01058,C0339,P081,2024-10-07,5,213.25,0,Card
T01059,C0120,P007,2024-08-29,4,89.35,15,Online
T01060,C0128,P117,2023-12-12,3,65.22,0,Card
T01061,C0269,P075,2024-09-29,2,52.38,0,Transfer
T01062,C0588,P001,2024-04-01,3,43.23,5,Card
T01063,C0325,P101,2024-01-29,2,53.04,0,Transfer
T01064,C0514,P005,2023-10-05,5,163.08,10,Online
T01065,C0405,P101,2025-01-14,5,112.71,15,Cash
T01066,C0067,P026,2024-10-23,4,75.65,15,Card
T01067,C0425,P049,2024-05-20,5,88.88,10,Card
T01068,C0421,P117,2023-08-24,4,86.96,0,Cash
T01069,C0222,P063,2024-08-28,3,143.31,0,Online
T01070,C0492,P074,2024-01-12,3,97.01,5,Cash
T01071,C0179,P098,2024-01-16,3,65.51,15,Cash
T01072,C0216,P095,2024-04-19,5,249.07,10,Card
T01073,C0457,P104,2024-11-13,1,7.76,0,Transfer
T01074,C0170,P114,2025-05-29,4,199.92,5,Card
T01075,C0220,P060,2023-11-01,1,36.18,15,Cash
T01076,C0109,P012,2024-05-03,4,127.12,0,Cash
T01077,C0029,P081,2024-06-16,3,127.95,0,Card
T01078,C0241,P048,2023-08-31,5,59.92,15,Cash
T01079,C0115,P011,2024-01-11,4,121.16,0,Transfer
T01080,C0521,P004,2024-12-04,1,45.59,15,Transfer
T01081,C0312,P069,2024-05-23,2,40.26,5,Card
T01082,C0463,P113,2025-06-27,3,201.61,5,Online
T01083,C0520,P048,2024-12-18,4,56.4,0,Cash
T01084,C0064,P104,2023-10-17,1,6.98,10,Card
T01085,C0429,P061,2024-08-17,3,105.83,15,Card
T01086,C0185,P108,2023-12-03,2,38.81,15,Card
T01087,C0307,P077,2023-08-21,4,73.12,0,Card
T01088,C0162,P066,2024-10-29,4,196.67,10,Cash
T01089,C0434,P072,2025-01-17,5,250.75,5,Online
T01090,C0402,P075,2024-01-23,4,104.76,0,Transfer
T01091,C0045,P076,2024-10-31,3,96.5,5,Card
T01092,C0265,P116,2024-12-20,1,7.32,15,Card
T01093,C0364,P055,2024-11-10,1,42.08,15,Cash
T01094,C0182,P063,2023-11-24,3,136.14,5,Transfer
T01095,C0387,P046,2025-01-02,1,28.62,15,Online
T01096,C0187,P038,2024-04-12,1,13.99,15,Transfer
T01097,C0386,P050,2024-09-07,5,172.09,5,Transfer
T01098,C0440,P004,2024-11-19,3,136.78,15,Transfer
T01099,C0156,P009,2024-11-12,4,29.48,0,Cash
T01100,C0575,P044,2025-03-26,1,50.26,15,Cash
T01101,C0164,P120,2024-07-29,3,173.88,5,Online
T01102,C0282,P070,2024-10-09,5,43.46,5,Card
T01103,C0515,P074,2023-11-02,2,61.27,10,Online
T01104,C0546,P090,2024-05-18,5,190.66,5,Card
T01105,C0447,P018,2025-03-27,3,109.98,15,Online
T01106,C0155,P097,2023-10-25,5,247.18,15,Card
T01107,C0436,P003,2024-02-28,5,159.55,0,Card
T01108,C0308,P010,2025-02-28,2,94.84,0,Cash
T01109,C0367,P085,2024-05-29,5,277.02,5,Cash
T01110,C0418,P014,2024-04-17,2,84.63,5,Online
T01111,C0418,P115,2023-07-18,1,21.85,10,Cash
T01112,C0255,P006,2024-10-08,3,153.01,10,Card
T01113,C0411,P043,2024-01-06,1,13.46,5,Transfer
T01114,C0286,P097,2023-08-27,3,148.31,15,Cash
T01115,C0269,P016,2024-01-23,5,265.05,0,Online
T01116,C0326,P084,2023-10-02,1,24.31,5,Transfer
T01117,C0281,P004,2024-08-13,5,227.97,15,Online
T01118,C0065,P061,2023-09-21,4,166.0,0,Cash
T01119,C0265,P077,2024-12-10,5,91.4,0,Card
T01120,C0411,P060,2024-08-26,5,202.16,5,Card
T01121,C0279,P011,2024-05-08,4,109.04,10,Online
T01122,C0530,P109,2023-08-18,1,28.85,5,Transfer
T01123,C0190,P118,2024-03-09,4,39.24,15,Transfer
T01124,C0560,P055,2024-11-06,5,235.12,5,Online
T01125,C0563,P057,2023-09-05,3,100.75,15,Transfer
T01126,C0093,P042,2024-04-04,3,110.43,10,Transfer
T01127,C0051,P015,2025-06-03,1,22.38,5,Cash
T01128,C0060,P109,2024-03-13,4,109.33,10,Cash
T01129,C0391,P114,2025-02-21,1,47.35,10,Card
T01130,C0073,P061,2024-01-26,1,35.27,15,Card
T01131,C0233,P107,2023-10-19,5,209.95,15,Cash
T01132,C0432,P041,2025-05-02,2,43.27,15,Cash
T01133,C0103,P066,2025-03-08,5,245.84,10,Transfer
T01134,C0382,P077,2023-12-20,1,15.54,15,Online
T01135,C0008,P007,2024-01-26,1,23.65,10,Cash
T01136,C0306,P068,2023-07-05,5,220.63,10,Cash
T01137,C0049,P038,2023-09-12,4,55.96,15,Transfer
T01138,C0571,P079,2024-04-15,4,153.14,15,Online
T01139,C0421,P007,2023-12-17,3,67.01,15,Transfer
T01140,C0166,P002,2024-04-17,3,99.66,10,Online
T01141,C0373,P063,2023-09-17,4,171.97,10,Card
T01142,C0585,P058,2025-02-24,3,60.78,10,Cash
T01143,C0197,P101,2025-06-15,5,132.6,0,Online
T01144,C0134,P032,2023-10-01,3,61.83,10,Online
T01145,C0391,P101,2023-11-11,2,50.39,5,Online
T01146,C0345,P090,2024-08-09,3,120.42,0,Card
T01147,C0407,P081,2025-01-13,3,115.15,10,Cash
T01148,C0055,P002,2025-05-08,4,140.26,5,Cash
T01149,C0122,P023,2024-02-21,2,82.24,10,Cash
T01150,C0463,P055,2024-09-27,4,168.3,15,Transfer
T01151,C0411,P018,2025-03-26,3,129.39,0,Online
T01152,C0029,P014,2025-03-15,1,42.31,5,Transfer
T01153,C0103,P012,2024-07-12,3,85.81,10,Online
T01154,C0062,P001,2023-09-10,5,75.85,0,Card
T01155,C0486,P076,2024-08-11,5,143.91,15,Online
T01156,C0507,P072,2024-03-24,2,100.3,5,Card
T01157,C0178,P074,2024-12-23,5,153.18,10,Online
T01158,C0014,P120,2024-09-14,3,155.58,15,Cash
T01159,C0419,P102,2025-04-30,3,147.89,5,Online
T01160,C0078,P019,2024-02-02,1,33.78,5,Card
T01161,C0209,P068,2024-08-29,3,139.74,5,Online
T01162,C0351,P030,2024-01-24,4,211.82,10,Online
T01163,C0546,P007,2024-10-11,4,94.61,10,Cash
T01164,C0378,P034,2023-09-12,5,132.62,5,Transfer
T01165,C0131,P016,2025-05-24,5,251.8,5,Transfer
T01166,C0260,P047,2023-08-04,3,50.97,0,Card
T01167,C0440,P033,2023-11-07,3,79.92,10,Transfer
T01168,C0479,P044,2024-02-29,2,112.35,5,Card
T01169,C0115,P018,2025-01-31,2,81.95,5,Online
T01170,C0293,P099,2024-04-25,5,207.02,15,Card
T01171,C0462,P057,2023-11-15,4,150.14,5,Cash
T01172,C0301,P083,2024-03-22,2,70.69,15,Cash
T01173,C0032,P025,2025-03-15,5,251.13,15,Cash
T01174,C0075,P115,2025-01-23,4,87.41,10,Card
T01175,C0556,P008,2024-12-05,1,46.37,15,Cash
T01176,C0043,P033,2025-03-01,3,84.36,5,Card
T01177,C0396,P078,2024-08-13,2,70.09,10,Cash
T01178,C0274,P080,2024-08-29,2,85.97,10,Cash
T01179,C0313,P002,2024-10-01,1,36.91,0,Card
T01180,C0406,P057,2025-05-13,4,142.24,10,Card
T01181,C0436,P045,2025-04-17,2,46.91,10,Transfer
T01182,C0261,P118,2024-05-05,3,31.16,10,Transfer
T01183,C0438,P007,2024-07-02,5,124.83,5,Transfer
T01184,C0068,P061,2024-09-30,5,197.12,5,Online
T01185,C0566,P014,2023-10-05,1,40.09,10,Cash
T01186,C0127,P019,2024-01-15,5,151.13,15,Transfer
T01187,C0552,P095,2023-07-05,4,188.19,15,Cash
T01188,C0063,P040,2024-12-12,3,123.22,15,Cash
T01189,C0491,P014,2024-07-30,3,113.58,15,Cash
T01190,C0260,P049,2025-01-01,2,39.5,0,Card
T01191,C0554,P096,2023-10-26,4,82.91,10,Cash
T01192,C0275,P017,2024-11-19,2,106.12,5,Online
T01193,C0167,P067,2023-10-04,2,43.17,5,Card
T01194,C0155,P015,2023-10-16,5,100.13,15,Card
T01195,C0402,P118,2024-04-17,2,21.93,5,Cash
T01196,C0530,P111,2024-09-10,5,248.75,0,Cash
T01197,C0172,P019,2025-01-19,1,35.56,0,Card
T01198,C0016,P024,2024-01-21,2,115.58,5,Card
T01199,C0017,P009,2023-08-08,5,31.32,15,Online
T01200,C0445,P049,2025-06-10,1,19.75,0,Card
T01201,C0521,P108,2025-01-11,5,97.03,15,Online
T01202,C0125,P002,2024-11-05,5,184.55,0,Transfer
T01203,C0194,P048,2024-04-10,4,56.4,0,Transfer
T01204,C0064,P118,2024-12-28,2,20.77,10,Transfer
T01205,C0250,P083,2025-02-20,1,41.58,0,Online
T01206,C0283,P054,2024-01-07,5,169.67,5,Cash
T01207,C0323,P040,2024-12-05,4,173.95,10,Card
T01208,C0036,P001,2024-10-12,2,30.34,0,Online
T01209,C0414,P118,2024-05-17,2,23.08,0,Transfer
T01210,C0286,P043,2024-12-27,5,60.22,15,Online
T01211,C0077,P043,2024-06-17,1,14.17,0,Online
T01212,C0444,P115,2023-11-17,4,82.55,15,Transfer
T01213,C0095,P010,2024-06-02,1,40.31,15,Transfer
T01214,C0307,P112,2024-03-28,1,16.98,0,Cash
T01215,C0289,P001,2025-03-09,4,54.61,10,Card
T01216,C0409,P079,2024-06-26,5,202.68,10,Online
T01217,C0043,P067,2024-07-22,5,113.6,0,Transfer
T01218,C0576,P098,2024-02-05,2,43.67,15,Online
T01219,C0562,P026,2024-01-28,3,63.41,5,Online
T01220,C0548,P093,2024-05-25,5,80.67,15,Cash
T01221,C0398,P078,2024-08-05,4,155.76,0,Cash
T01222,C0553,P056,2025-01-06,5,94.0,0,Online
T01223,C0542,P088,2025-05-12,4,132.28,0,Transfer
T01224,C0032,P048,2025-06-14,5,59.92,15,Cash
T01225,C0372,P059,2025-03-21,1,38.31,15,Online
T01226,C0024,P089,2023-12-22,5,151.95,5,Cash
T01227,C0023,P012,2024-02-20,2,54.03,15,Transfer
T01228,C0466,P109,2024-11-02,5,144.26,5,Online
T01229,C0016,P039,2025-04-24,1,35.45,0,Transfer
T01230,C0143,P010,2023-09-03,4,170.71,10,Transfer
T01231,C0523,P041,2024-02-20,1,21.63,15,Online
T01232,C0468,P038,2024-05-08,1,15.64,5,Online
T01233,C0304,P050,2025-02-15,5,172.09,5,Card
T01234,C0099,P070,2024-02-25,5,43.46,5,Transfer
T01235,C0095,P078,2025-04-14,5,165.5,15,Cash
T01236,C0447,P035,2023-09-06,2,114.95,5,Cash
T01237,C0489,P043,2024-11-01,5,70.85,0,Online
T01238,C0055,P104,2023-08-28,3,20.95,10,Transfer
T01239,C0136,P014,2023-08-26,5,200.43,10,Transfer
T01240,C0382,P063,2025-01-14,1,42.99,10,Online
T01241,C0518,P017,2023-12-31,1,53.06,5,Cash
T01242,C0376,P064,2023-09-08,1,26.13,0,Card
T01243,C0065,P081,2023-11-03,4,162.07,5,Transfer
T01244,C0420,P036,2024-09-16,1,39.72,15,Cash
T01245,C0217,P106,2023-08-11,2,123.75,10,Online
T01246,C0182,P065,2023-09-01,2,60.55,10,Transfer
T01247,C0006,P008,2025-01-25,1,46.37,15,Cash
T01248,C0165,P089,2024-02-05,3,81.57,15,Cash
T01249,C0093,P018,2024-08-31,4,172.52,0,Online
T01250,C0556,P119,2025-06-19,3,82.92,0,Online
T01251,C0068,P008,2024-07-14,3,163.65,0,Card
T01252,C0119,P074,2025-03-16,3,102.12,0,Cash
T01253,C0475,P114,2025-05-07,1,52.61,0,Transfer
T01254,C0191,P055,2023-07-06,1,49.5,0,Transfer
T01255,C0233,P105,2024-05-22,4,241.28,0,Cash
T01256,C0205,P006,2024-12-04,1,48.17,15,Card
T01257,C0441,P076,2024-07-27,3,101.58,0,Card
T01258,C0496,P033,2025-06-21,1,26.64,10,Transfer
T01259,C0301,P030,2025-01-15,2,100.03,15,Online
T01260,C0569,P074,2023-10-11,2,57.87,15,Transfer
T01261,C0135,P077,2024-07-04,3,49.36,10,Online
T01262,C0119,P053,2024-07-18,1,43.07,5,Online
T01263,C0208,P104,2024-08-01,3,23.28,0,Cash
T01264,C0073,P005,2024-12-11,3,97.85,10,Card
T01265,C0158,P046,2024-12-04,5,143.1,15,Cash
T01266,C0188,P009,2025-05-17,4,26.53,10,Cash
T01267,C0369,P057,2024-08-14,3,112.6,5,Transfer
T01268,C0156,P054,2024-12-21,5,178.6,0,Online
T01269,C0280,P070,2023-10-02,4,36.6,0,Online
T01270,C0459,P025,2024-05-07,5,280.68,5,Transfer
T01271,C0307,P120,2023-07-08,5,289.8,5,Transfer
T01272,C0182,P041,2024-10-18,2,43.27,15,Transfer
T01273,C0416,P118,2023-11-22,2,23.08,0,Transfer
T01274,C0343,P007,2025-06-04,4,89.35,15,Transfer
T01275,C0052,P051,2025-04-03,3,59.03,15,Transfer
T01276,C0361,P011,2025-01-27,3,77.24,15,Cash
T01277,C0211,P073,2023-07-03,2,18.44,0,Card
T01278,C0554,P120,2025-01-02,3,164.73,10,Card
T01279,C0044,P064,2024-05-23,3,78.39,0,Card
T01280,C0240,P013,2024-12-24,1,15.15,0,Online
T01281,C0520,P050,2024-08-16,1,36.23,0,Cash
T01282,C0337,P104,2025-01-30,3,19.79,15,Online
T01283,C0056,P088,2024-03-22,2,62.83,5,Card
T01284,C0416,P092,2024-01-03,5,70.56,10,Cash
T01285,C0323,P105,2025-01-21,3,180.96,0,Cash
T01286,C0001,P115,2024-11-22,1,23.07,5,Cash
T01287,C0449,P116,2025-06-11,3,23.25,10,Card
T01288,C0011,P021,2025-03-28,4,95.04,0,Card
T01289,C0328,P015,2025-05-11,3,67.15,5,Cash
T01290,C0356,P103,2024-08-11,5,136.57,10,Online
T01291,C0348,P005,2024-12-10,4,130.46,10,Card
T01292,C0505,P013,2024-10-13,4,57.57,5,Cash
T01293,C0475,P077,2023-07-30,5,91.4,0,Transfer
T01294,C0375,P083,2024-10-11,1,39.5,5,Card
T01295,C0050,P002,2024-06-10,4,132.88,10,Cash
T01296,C0312,P099,2023-11-05,1,46.27,5,Card
T01297,C0004,P036,2024-12-02,3,133.18,5,Card
T01298,C0220,P055,2025-06-19,1,44.55,10,Card
T01299,C0074,P070,2025-05-13,3,27.45,0,Cash
T01300,C0345,P113,2025-02-10,5,336.01,5,Transfer
T01301,C0355,P098,2024-08-07,2,46.24,10,Transfer
T01302,C0151,P006,2025-05-30,3,144.51,15,Card
T01303,C0035,P008,2023-12-19,4,185.47,15,Card
T01304,C0020,P051,2023-11-10,5,98.39,15,Card
T01305,C0076,P070,2023-08-25,4,31.11,15,Online
T01306,C0270,P006,2024-04-08,2,96.34,15,Transfer
T01307,C0129,P092,2025-04-09,2,29.79,5,Transfer
T01308,C0315,P075,2023-10-09,3,74.64,5,Card
T01309,C0003,P051,2024-07-30,4,78.71,15,Online
T01310,C0161,P043,2024-03-28,3,42.51,0,Cash
T01311,C0165,P082,2023-08-06,3,178.83,0,Card
T01312,C0506,P028,2024-05-21,4,237.42,10,Transfer
T01313,C0134,P116,2024-07-16,4,32.72,5,Transfer
T01314,C0109,P059,2024-04-17,5,202.81,10,Cash
T01315,C0597,P008,2023-11-07,2,103.64,5,Cash
T01316,C0227,P040,2024-04-12,3,144.96,0,Card
T01317,C0016,P095,2023-09-23,1,55.35,0,Online
T01318,C0048,P046,2024-03-16,2,67.34,0,Online
T01319,C0523,P033,2025-06-06,2,59.2,0,Cash
T01320,C0120,P012,2024-12-06,4,108.05,15,Online
T01321,C0226,P102,2024-01-07,2,103.78,0,Transfer
T01322,C0343,P119,2025-04-04,4,99.5,10,Online
T01323,C0332,P110,2024-08-19,5,261.63,5,Card
T01324,C0176,P076,2025-04-18,5,143.91,15,Transfer
T01325,C0172,P051,2025-02-12,1,21.99,5,Cash
T01326,C0430,P086,2025-04-24,2,55.8,0,Cash
T01327,C0469,P048,2023-09-27,3,40.18,5,Card
T01328,C0262,P060,2024-02-08,4,170.24,0,Cash
T01329,C0002,P117,2024-02-15,4,86.96,0,Card
T01330,C0353,P108,2024-07-07,2,43.38,5,Card
T01331,C0186,P025,2024-02-11,4,224.54,5,Card
T01332,C0176,P009,2024-01-19,3,22.11,0,Online
T01333,C0005,P088,2023-12-10,3,99.21,0,Online
T01334,C0109,P099,2023-06-29,1,41.4,15,Cash
T01335,C0549,P048,2025-01-21,3,42.3,0,Transfer
T01336,C0583,P096,2024-10-30,4,78.3,15,Cash
T01337,C0097,P049,2024-09-11,5,98.75,0,Card
T01338,C0348,P118,2024-04-28,2,19.62,15,Cash
T01339,C0069,P071,2023-12-13,4,40.7,5,Online
T01340,C0177,P103,2025-06-13,5,136.57,10,Transfer
T01341,C0319,P111,2024-02-19,1,49.75,0,Cash
T01342,C0173,P093,2025-06-18,4,72.12,5,Card
T01343,C0056,P023,2025-06-21,5,217.03,5,Transfer
T01344,C0550,P017,2024-11-08,2,106.12,5,Cash
T01345,C0061,P033,2024-08-01,1,26.64,10,Transfer
T01346,C0499,P036,2025-03-30,2,88.79,5,Card
T01347,C0068,P054,2025-05-21,3,101.8,5,Card
T01348,C0130,P095,2023-07-25,1,52.58,5,Card
T01349,C0213,P007,2025-06-23,3,74.9,5,Cash
T01350,C0135,P017,2024-06-21,4,189.89,15,Transfer
T01351,C0131,P090,2025-05-21,1,38.13,5,Transfer
T01352,C0199,P006,2024-10-19,2,113.34,0,Online
T01353,C0344,P114,2025-04-16,1,44.72,15,Transfer
T01354,C0406,P026,2024-07-11,1,22.25,0,Transfer
T01355,C0237,P120,2023-08-11,4,207.43,15,Online
T01356,C0365,P051,2024-03-30,5,115.75,0,Cash
T01357,C0136,P099,2023-07-02,1,48.71,0,Cash
T01358,C0092,P054,2024-10-18,1,30.36,15,Transfer
T01359,C0388,P111,2024-06-19,5,248.75,0,Cash
T01360,C0597,P096,2024-03-09,5,109.39,5,Card
T01361,C0030,P034,2024-02-14,2,50.26,10,Card
T01362,C0397,P051,2024-03-28,2,43.98,5,Card
T01363,C0208,P016,2023-09-19,4,180.23,15,Card
T01364,C0514,P008,2023-07-02,3,139.1,15,Transfer
T01365,C0428,P108,2024-03-25,4,77.62,15,Card
T01366,C0393,P030,2025-05-19,4,223.59,5,Card
T01367,C0585,P066,2025-01-09,4,196.67,10,Transfer
T01368,C0062,P039,2023-11-19,5,159.53,10,Transfer
T01369,C0308,P084,2024-05-05,1,21.75,15,Online
T01370,C0401,P026,2024-03-29,3,63.41,5,Cash
T01371,C0582,P054,2023-07-04,3,107.16,0,Transfer
T01372,C0386,P022,2023-09-14,4,69.88,5,Cash
T01373,C0173,P050,2024-05-27,2,61.59,15,Card
T01374,C0091,P038,2024-07-14,2,29.63,10,Cash
T01375,C0421,P086,2023-11-28,2,50.22,10,Transfer
T01376,C0273,P087,2023-09-01,2,75.94,0,Card
T01377,C0547,P095,2024-08-11,4,221.4,0,Online
T01378,C0152,P082,2024-07-31,2,107.3,10,Card
T01379,C0585,P088,2025-05-25,4,119.05,10,Cash
T01380,C0206,P072,2023-10-25,3,150.45,5,Cash
T01381,C0289,P059,2024-05-12,2,81.13,10,Card
T01382,C0374,P069,2023-10-02,2,40.26,5,Cash
T01383,C0267,P026,2025-06-06,1,21.14,5,Card
T01384,C0081,P091,2024-07-10,3,71.55,15,Online
T01385,C0029,P048,2023-07-03,3,38.07,10,Online
T01386,C0400,P118,2023-10-26,5,51.93,10,Online
T01387,C0339,P102,2025-02-14,4,176.43,15,Transfer
T01388,C0344,P026,2024-11-19,3,63.41,5,Online
T01389,C0380,P073,2024-01-08,4,33.19,10,Online
T01390,C0396,P120,2023-12-20,5,259.29,15,Card
T01391,C0442,P027,2024-06-27,3,16.84,5,Card
T01392,C0182,P044,2024-04-30,3,159.65,10,Card
T01393,C0549,P090,2024-04-13,1,36.13,10,Transfer
T01394,C0521,P012,2024-02-15,3,90.57,5,Online
T01395,C0147,P042,2024-04-06,3,104.29,15,Online
T01396,C0310,P109,2024-05-25,4,115.41,5,Card
T01397,C0246,P002,2025-05-20,4,132.88,10,Cash
T01398,C0246,P048,2023-11-16,5,70.5,0,Transfer
T01399,C0186,P050,2024-08-17,1,32.61,10,Card
T01400,C0272,P084,2025-03-19,5,121.55,5,Cash
T01401,C0162,P054,2024-01-23,1,32.15,10,Transfer
T01402,C0317,P028,2023-09-20,1,56.06,15,Online
T01403,C0226,P085,2024-06-02,4,221.62,5,Card
T01404,C0019,P004,2024-11-18,5,268.2,0,Online
T01405,C0544,P106,2025-04-09,3,195.94,5,Cash
T01406,C0124,P011,2024-06-03,3,77.24,15,Card
T01407,C0571,P036,2023-10-31,3,133.18,5,Cash
T01408,C0372,P105,2023-10-14,3,171.91,5,Online
T01409,C0518,P103,2024-03-28,4,109.26,10,Transfer
T01410,C0511,P007,2025-01-28,1,22.34,15,Cash
T01411,C0168,P112,2024-05-30,1,14.43,15,Transfer
T01412,C0152,P029,2023-07-02,4,35.19,15,Online
T01413,C0136,P074,2024-04-02,4,115.74,15,Transfer
T01414,C0417,P025,2025-05-14,2,100.45,15,Card
T01415,C0115,P036,2025-05-04,1,46.73,0,Transfer
T01416,C0157,P105,2024-12-29,4,241.28,0,Card
T01417,C0377,P042,2023-11-29,5,204.5,0,Card
T01418,C0026,P118,2023-09-21,2,19.62,15,Cash
T01419,C0132,P009,2023-11-22,3,21.0,5,Transfer
T01420,C0475,P085,2024-02-04,2,116.64,0,Online
T01421,C0028,P078,2023-07-29,3,110.98,5,Card
T01422,C0223,P098,2023-10-09,4,102.76,0,Online
T01423,C0169,P117,2024-04-29,1,20.65,5,Card
T01424,C0203,P049,2024-05-20,5,88.88,10,Transfer
T01425,C0158,P067,2025-01-25,4,86.34,5,Card
T01426,C0191,P074,2024-03-11,4,129.35,5,Transfer
T01427,C0131,P093,2025-05-27,3,51.25,10,Cash
T01428,C0241,P019,2023-07-22,2,67.56,5,Online
T01429,C0233,P090,2023-10-30,5,190.66,5,Cash
T01430,C0002,P037,2024-11-26,3,34.78,15,Cash
T01431,C0363,P029,2023-11-29,2,19.66,5,Online
T01432,C0438,P012,2024-07-04,5,143.01,10,Card
T01433,C0481,P051,2024-11-25,1,23.15,0,Online
T01434,C0047,P066,2024-01-20,2,92.87,15,Online
T01435,C0124,P098,2023-09-28,5,122.03,5,Cash
T01436,C0391,P005,2024-05-20,1,36.24,0,Online
T01437,C0128,P020,2024-07-11,4,76.0,0,Transfer
T01438,C0567,P029,2024-08-28,5,49.16,5,Card
T01439,C0505,P086,2024-07-16,4,100.44,10,Transfer
T01440,C0413,P062,2025-03-10,2,110.81,10,Online
T01441,C0269,P017,2024-12-08,2,106.12,5,Cash
T01442,C0157,P019,2025-01-02,2,71.12,0,Card
T01443,C0300,P033,2023-10-04,2,53.28,10,Cash
T01444,C0189,P023,2024-03-06,3,116.51,15,Card
T01445,C0387,P024,2025-01-31,5,273.73,10,Cash
T01446,C0381,P084,2025-02-10,1,21.75,15,Cash
T01447,C0491,P111,2025-02-23,2,99.5,0,Card
T01448,C0545,P008,2025-05-12,3,139.1,15,Online
T01449,C0283,P014,2024-05-03,2,89.08,0,Online
T01450,C0323,P030,2024-07-21,5,264.78,10,Card
T01451,C0576,P042,2025-01-11,2,81.8,0,Card
T01452,C0226,P100,2025-06-14,4,70.03,5,Online
T01453,C0059,P066,2025-01-24,3,139.31,15,Cash
T01454,C0585,P107,2025-04-12,4,177.84,10,Online
T01455,C0065,P041,2025-03-30,3,64.9,15,Card
T01456,C0371,P041,2024-04-25,3,76.35,0,Cash
T01457,C0069,P048,2023-10-08,1,11.98,15,Transfer
T01458,C0074,P010,2023-09-21,5,213.39,10,Transfer
T01459,C0439,P035,2023-09-19,1,60.5,0,Online
T01460,C0217,P076,2025-03-04,3,86.34,15,Online
T01461,C0367,P104,2023-07-14,2,15.52,0,Online
T01462,C0001,P104,2023-10-03,2,15.52,0,Transfer
T01463,C0173,P056,2023-10-26,2,37.6,0,Card
T01464,C0509,P013,2024-03-21,2,30.3,0,Cash
T01465,C0315,P010,2024-07-20,2,90.1,5,Online
T01466,C0414,P060,2023-07-08,5,180.88,15,Online
T01467,C0038,P073,2025-02-13,5,39.19,15,Cash
T01468,C0076,P022,2024-12-10,4,62.53,15,Online
T01469,C0237,P011,2023-12-28,5,143.88,5,Cash
T01470,C0449,P084,2023-08-07,4,102.36,0,Online
T01471,C0348,P090,2024-12-05,5,170.59,15,Online
T01472,C0361,P031,2025-04-02,2,63.7,10,Cash
T01473,C0119,P078,2024-03-19,1,33.1,15,Transfer
T01474,C0317,P025,2024-05-26,1,53.18,10,Cash
T01475,C0239,P016,2024-10-03,2,106.02,0,Cash
T01476,C0124,P076,2025-01-20,1,30.47,10,Card
T01477,C0358,P063,2023-07-04,4,171.97,10,Transfer
T01478,C0577,P082,2024-05-30,4,214.6,10,Online
T01479,C0008,P092,2024-07-04,1,15.68,0,Cash
T01480,C0431,P072,2024-02-07,4,179.49,15,Transfer
T01481,C0317,P070,2024-02-02,4,31.11,15,Online
T01482,C0305,P074,2024-07-09,4,115.74,15,Transfer
T01483,C0092,P054,2023-08-31,2,60.72,15,Transfer
T01484,C0437,P089,2025-02-08,1,28.79,10,Transfer
T01485,C0034,P003,2024-05-26,4,121.26,5,Transfer
T01486,C0323,P090,2024-01-06,2,68.24,15,Cash
T01487,C0039,P076,2024-10-19,4,121.9,10,Online
T01488,C0191,P060,2023-10-24,4,170.24,0,Card
T01489,C0580,P084,2025-01-14,3,72.93,5,Online
T01490,C0229,P042,2024-07-29,2,81.8,0,Transfer
T01491,C0478,P093,2023-11-20,1,18.03,5,Transfer
T01492,C0359,P015,2024-01-07,2,44.76,5,Online
T01493,C0424,P087,2024-02-01,2,64.55,15,Transfer
T01494,C0241,P011,2025-02-12,3,81.78,10,Transfer
T01495,C0403,P045,2023-09-25,3,66.45,15,Online
T01496,C0254,P039,2025-04-29,3,95.72,10,Transfer
T01497,C0227,P040,2024-01-18,3,144.96,0,Transfer
T01498,C0125,P051,2024-12-23,5,109.96,5,Cash
T01499,C0265,P036,2024-01-06,5,198.6,15,Transfer
T01500,C0232,P074,2024-11-26,3,86.8,15,Transfer
T01501,C0018,P068,2025-03-26,5,232.89,5,Cash
T01502,C0230,P007,2024-05-26,5,118.26,10,Online
T01503,C0132,P078,2023-11-29,4,147.97,5,Transfer
T01504,C0103,P032,2024-06-30,2,45.8,0,Card
T01505,C0585,P058,2024-12-27,2,45.02,0,Cash
T01506,C0118,P111,2025-02-24,4,199.0,0,Online
T01507,C0335,P039,2025-03-18,5,159.53,10,Cash
T01508,C0294,P081,2023-09-16,4,153.54,10,Transfer
T01509,C0484,P103,2024-12-23,5,144.16,5,Cash
T01510,C0039,P032,2025-01-15,1,22.9,0,Transfer
T01511,C0285,P073,2024-07-22,4,33.19,10,Online
T01512,C0066,P019,2024-10-14,5,168.91,5,Card
T01513,C0029,P019,2023-11-15,3,106.68,0,Cash
T01514,C0118,P027,2023-11-21,4,21.28,10,Online
T01515,C0365,P068,2025-04-21,5,208.38,15,Cash
T01516,C0339,P075,2024-09-29,3,66.78,15,Card
T01517,C0569,P056,2024-10-28,1,17.86,5,Card
T01518,C0268,P091,2024-11-01,3,75.76,10,Cash
T01519,C0266,P090,2023-10-21,3,102.36,15,Online
T01520,C0227,P011,2023-12-23,1,28.78,5,Transfer
T01521,C0050,P114,2023-09-29,2,94.7,10,Cash
T01522,C0196,P107,2023-10-08,4,187.72,5,Cash
T01523,C0035,P110,2024-05-04,2,104.65,5,Transfer
T01524,C0469,P038,2023-07-27,2,29.63,10,Online
T01525,C0213,P084,2024-01-26,1,25.59,0,Transfer
T01526,C0238,P085,2023-11-24,4,198.29,15,Online
T01527,C0554,P107,2025-06-18,1,49.4,0,Transfer
T01528,C0145,P073,2023-10-19,3,23.51,15,Card
T01529,C0157,P114,2024-05-24,1,44.72,15,Online
T01530,C0293,P009,2023-07-11,4,26.53,10,Cash
T01531,C0039,P039,2024-10-18,2,63.81,10,Card
T01532,C0159,P030,2023-11-30,5,264.78,10,Card
T01533,C0168,P021,2023-09-06,5,106.92,10,Online
T01534,C0401,P044,2025-04-29,2,100.52,15,Transfer
T01535,C0164,P026,2023-08-06,2,42.27,5,Cash
T01536,C0240,P002,2024-04-18,2,73.82,0,Cash
T01537,C0339,P052,2024-05-09,5,193.15,0,Cash
T01538,C0210,P113,2024-08-08,1,67.2,5,Card
T01539,C0225,P026,2024-02-21,3,56.74,15,Online
T01540,C0452,P009,2024-12-22,1,6.26,15,Online
T01541,C0374,P120,2024-10-31,1,51.86,15,Online
T01542,C0146,P100,2023-12-24,4,66.35,10,Transfer
T01543,C0256,P116,2023-12-17,1,8.18,5,Transfer
T01544,C0380,P027,2024-03-15,1,5.91,0,Cash
T01545,C0237,P095,2024-05-23,5,249.07,10,Online
T01546,C0175,P031,2024-07-04,1,33.62,5,Transfer
T01547,C0135,P006,2023-08-14,2,102.01,10,Online
T01548,C0070,P103,2024-07-28,5,151.75,0,Card
T01549,C0466,P092,2024-05-24,2,29.79,5,Cash
T01550,C0300,P007,2024-11-09,3,78.84,0,Online
T01551,C0424,P118,2023-08-07,3,29.43,15,Card
T01552,C0488,P083,2024-02-19,4,149.69,10,Transfer
T01553,C0424,P014,2023-09-21,5,211.56,5,Transfer
T01554,C0052,P050,2024-01-23,3,103.26,5,Online
T01555,C0158,P101,2024-04-05,4,100.78,5,Transfer
T01556,C0518,P112,2024-01-31,1,16.13,5,Cash
T01557,C0325,P077,2024-03-26,1,16.45,10,Online
T01558,C0404,P098,2024-12-31,5,115.61,10,Transfer
T01559,C0520,P093,2024-05-17,2,36.06,5,Online
T01560,C0256,P081,2024-01-05,2,72.5,15,Card
T01561,C0191,P013,2024-03-02,2,30.3,0,Card
T01562,C0049,P016,2025-05-23,5,225.29,15,Card
T01563,C0242,P090,2023-08-03,3,102.36,15,Card
T01564,C0076,P059,2023-11-16,1,38.31,15,Transfer
T01565,C0037,P103,2023-07-29,2,57.67,5,Transfer
T01566,C0107,P076,2023-06-28,5,152.37,10,Transfer
T01567,C0183,P077,2023-08-07,3,54.84,0,Online
T01568,C0105,P023,2024-11-21,2,86.81,5,Online
T01569,C0398,P096,2025-01-26,3,65.64,5,Cash
T01570,C0571,P059,2024-03-03,2,85.63,5,Card
T01571,C0370,P110,2023-12-09,3,156.98,5,Cash
T01572,C0116,P049,2024-02-04,2,33.58,15,Transfer
T01573,C0267,P076,2024-06-28,4,128.67,5,Cash
T01574,C0002,P089,2024-01-31,5,151.95,5,Cash
T01575,C0297,P038,2025-06-02,3,41.97,15,Card
T01576,C0313,P065,2024-10-11,5,142.97,15,Transfer
T01577,C0013,P035,2023-09-14,4,242.0,0,Cash
T01578,C0011,P111,2024-05-27,3,126.86,15,Transfer
T01579,C0074,P079,2023-11-18,3,128.36,5,Online
T01580,C0509,P033,2024-01-09,5,140.6,5,Online
T01581,C0438,P082,2024-07-13,2,113.26,5,Transfer
T01582,C0425,P030,2024-04-05,3,167.69,5,Online
T01583,C0510,P061,2024-03-13,3,118.28,5,Cash
T01584,C0368,P073,2024-02-19,2,18.44,0,Online
T01585,C0083,P114,2023-09-22,4,189.4,10,Card
T01586,C0146,P104,2023-09-11,5,36.86,5,Card
T01587,C0378,P074,2024-11-28,2,64.68,5,Transfer
T01588,C0120,P010,2023-07-08,3,120.92,15,Cash
T01589,C0044,P020,2024-12-09,5,85.5,10,Transfer
T01590,C0596,P052,2024-08-29,2,65.67,15,Cash
T01591,C0475,P086,2025-02-15,2,47.43,15,Cash
T01592,C0304,P086,2025-04-27,2,55.8,0,Online
T01593,C0387,P010,2023-10-07,3,128.03,10,Card
T01594,C0565,P044,2024-03-11,1,56.17,5,Cash
T01595,C0110,P029,2024-04-03,5,51.75,0,Card
T01596,C0280,P074,2025-01-23,5,161.69,5,Cash
T01597,C0066,P105,2025-03-18,1,57.3,5,Cash
T01598,C0097,P107,2024-04-03,2,98.8,0,Transfer
T01599,C0304,P066,2025-01-25,1,49.17,10,Cash
T01600,C0446,P070,2025-02-21,4,31.11,15,Online
T01601,C0306,P115,2024-09-27,1,24.28,0,Card
T01602,C0544,P042,2024-08-11,3,122.7,0,Online
T01603,C0317,P040,2024-10-09,2,96.64,0,Card
T01604,C0398,P023,2024-04-11,5,194.18,15,Online
T01605,C0538,P062,2023-12-30,2,110.81,10,Transfer
T01606,C0398,P082,2024-11-14,4,214.6,10,Online
T01607,C0319,P100,2024-01-28,1,15.67,15,Cash
T01608,C0223,P038,2023-12-08,2,32.92,0,Cash
T01609,C0447,P104,2024-09-23,2,14.74,5,Card
T01610,C0198,P024,2024-04-21,1,54.75,10,Card
T01611,C0047,P037,2023-09-03,2,24.55,10,Cash
T01612,C0116,P037,2025-05-17,4,54.56,0,Card
T01613,C0483,P111,2023-09-18,5,211.44,15,Cash
T01614,C0417,P076,2023-10-07,5,152.37,10,Card
T01615,C0165,P066,2024-10-28,2,109.26,0,Card
T01616,C0059,P029,2025-01-24,4,35.19,15,Online
T01617,C0022,P095,2024-10-07,2,110.7,0,Card
T01618,C0006,P045,2023-09-29,2,49.51,5,Transfer
T01619,C0199,P070,2023-07-29,4,34.77,5,Card
T01620,C0004,P042,2024-09-25,1,36.81,10,Cash
T01621,C0277,P032,2025-06-05,5,108.78,5,Card
T01622,C0364,P071,2025-05-14,2,18.21,15,Cash
T01623,C0579,P099,2024-11-17,5,243.55,0,Card
T01624,C0462,P051,2025-03-23,5,98.39,15,Cash
T01625,C0469,P097,2023-11-22,4,221.01,5,Cash
T01626,C0182,P109,2023-11-24,5,144.26,5,Online
T01627,C0209,P028,2024-12-26,4,224.23,15,Card
T01628,C0518,P044,2024-06-08,1,50.26,15,Cash
T01629,C0408,P059,2025-06-15,1,42.82,5,Online
T01630,C0566,P040,2023-09-12,1,48.32,0,Card
T01631,C0195,P020,2023-08-25,5,90.25,5,Cash
T01632,C0232,P092,2024-08-25,5,74.48,5,Card
T01633,C0554,P109,2024-10-20,5,144.26,5,Transfer
T01634,C0192,P060,2024-03-20,5,212.8,0,Online
T01635,C0334,P091,2024-02-17,1,23.85,15,Online
T01636,C0505,P050,2025-01-11,1,36.23,0,Online
T01637,C0380,P106,2024-06-30,5,326.56,5,Card
T01638,C0552,P067,2025-02-08,1,20.45,10,Cash
T01639,C0077,P080,2023-12-01,2,81.19,15,Online
T01640,C0420,P015,2024-08-15,4,94.24,0,Transfer
T01641,C0430,P075,2025-01-07,5,124.4,5,Transfer
T01642,C0359,P085,2023-10-25,4,221.62,5,Card
T01643,C0155,P090,2023-08-01,4,136.48,15,Transfer
T01644,C0409,P069,2023-10-05,4,80.52,5,Transfer
T01645,C0589,P107,2023-11-23,1,46.93,5,Transfer
T01646,C0459,P027,2024-05-17,3,16.84,5,Transfer
T01647,C0334,P029,2024-08-28,5,46.58,10,Online
T01648,C0010,P098,2024-12-31,4,92.48,10,Cash
T01649,C0594,P111,2024-01-10,5,248.75,0,Online
T01650,C0275,P081,2025-05-20,4,162.07,5,Online
T01651,C0434,P076,2025-05-09,3,101.58,0,Online
T01652,C0588,P080,2025-02-06,4,162.38,15,Card
T01653,C0576,P001,2025-04-20,5,64.47,15,Transfer
T01654,C0510,P033,2025-04-15,5,133.2,10,Transfer
T01655,C0416,P036,2025-06-01,1,44.39,5,Transfer
T01656,C0116,P053,2024-09-05,4,172.29,5,Transfer
T01657,C0470,P067,2024-03-23,3,64.75,5,Online
T01658,C0596,P069,2025-05-23,5,105.95,0,Online
T01659,C0300,P100,2024-04-07,5,92.15,0,Transfer
T01660,C0297,P041,2024-06-10,1,24.18,5,Online
T01661,C0011,P042,2024-10-29,2,81.8,0,Card
T01662,C0168,P052,2025-01-05,2,65.67,15,Card
T01663,C0407,P052,2023-09-27,3,115.89,0,Card
T01664,C0558,P023,2025-06-04,3,123.36,10,Transfer
T01665,C0533,P014,2024-05-31,2,89.08,0,Cash
T01666,C0043,P043,2023-08-19,4,51.01,10,Cash
T01667,C0486,P034,2024-07-07,1,25.13,10,Online
T01668,C0243,P002,2024-05-18,2,62.75,15,Transfer
T01669,C0014,P007,2024-08-07,1,24.97,5,Card
T01670,C0354,P093,2025-06-20,4,64.53,15,Card
T01671,C0365,P083,2024-07-23,2,83.16,0,Transfer
T01672,C0397,P038,2025-03-03,1,14.81,10,Cash
T01673,C0449,P070,2023-07-14,3,23.33,15,Online
T01674,C0584,P007,2023-11-04,5,111.69,15,Card
T01675,C0122,P068,2024-10-05,4,186.31,5,Online
T01676,C0036,P004,2024-01-26,1,50.96,5,Online
T01677,C0382,P114,2024-12-20,1,52.61,0,Cash
T01678,C0278,P118,2023-10-06,3,31.16,10,Transfer
T01679,C0135,P077,2024-02-07,5,91.4,0,Online
T01680,C0496,P036,2023-08-02,3,119.16,15,Online
T01681,C0384,P022,2024-09-09,3,55.17,0,Online
T01682,C0146,P101,2023-08-14,2,53.04,0,Transfer
T01683,C0353,P079,2025-03-06,5,191.42,15,Online
T01684,C0141,P041,2024-12-17,4,96.71,5,Cash
T01685,C0186,P016,2023-11-22,5,265.05,0,Transfer
T01686,C0242,P028,2025-01-23,3,168.17,15,Card
T01687,C0265,P064,2025-03-21,3,66.63,15,Online
T01688,C0311,P070,2024-05-01,3,24.71,10,Transfer
T01689,C0229,P077,2024-07-16,4,65.81,10,Cash
T01690,C0099,P109,2024-12-10,2,57.7,5,Transfer
T01691,C0007,P063,2024-08-14,1,45.38,5,Transfer
T01692,C0342,P094,2025-05-03,3,145.04,5,Card
T01693,C0171,P090,2024-07-30,5,200.7,0,Card
T01694,C0256,P051,2023-08-25,2,43.98,5,Card
T01695,C0070,P119,2023-11-03,4,105.03,5,Cash
T01696,C0475,P064,2024-06-02,2,44.42,15,Transfer
T01697,C0549,P083,2025-01-31,5,197.5,5,Transfer
T01698,C0570,P042,2024-07-27,3,110.43,10,Cash
T01699,C0186,P075,2024-04-21,3,74.64,5,Transfer
T01700,C0144,P092,2024-09-06,3,47.04,0,Online
T01701,C0119,P065,2025-02-22,3,85.78,15,Transfer
T01702,C0087,P058,2024-04-26,1,22.51,0,Transfer
T01703,C0054,P068,2024-05-04,1,44.13,10,Transfer
T01704,C0095,P034,2024-10-11,4,94.93,15,Transfer
T01705,C0276,P061,2024-01-24,2,74.7,10,Cash
T01706,C0366,P099,2023-12-05,2,87.68,10,Online
T01707,C0542,P094,2023-11-17,3,152.67,0,Online
T01708,C0122,P046,2023-06-30,5,151.52,10,Online
T01709,C0205,P034,2023-10-30,3,79.57,5,Card
T01710,C0342,P030,2024-09-14,4,235.36,0,Cash
T01711,C0200,P016,2023-12-14,5,251.8,5,Online
T01712,C0086,P112,2024-09-29,1,16.13,5,Cash
T01713,C0534,P118,2024-12-20,5,54.81,5,Online
T01714,C0039,P066,2023-07-04,4,207.59,5,Card
T01715,C0362,P102,2025-05-10,2,88.21,15,Online
T01716,C0202,P002,2025-06-18,3,94.12,15,Cash
T01717,C0324,P088,2025-03-03,1,29.76,10,Cash
T01718,C0126,P057,2024-07-30,3,100.75,15,Transfer
T01719,C0218,P119,2024-06-15,3,78.77,5,Online
T01720,C0525,P007,2024-07-23,1,26.28,0,Transfer
T01721,C0436,P088,2024-12-28,4,125.67,5,Transfer
T01722,C0286,P112,2025-01-07,4,57.73,15,Card
T01723,C0491,P057,2024-08-08,4,150.14,5,Online
T01724,C0067,P040,2024-01-15,2,91.81,5,Online
T01725,C0140,P076,2024-02-18,5,152.37,10,Online
T01726,C0441,P034,2025-04-20,3,83.76,0,Card
T01727,C0038,P015,2023-12-16,1,21.2,10,Online
T01728,C0234,P074,2024-02-13,1,32.34,5,Transfer
T01729,C0168,P013,2024-12-29,1,12.88,15,Transfer
T01730,C0295,P022,2024-01-22,3,46.89,15,Transfer
T01731,C0527,P100,2024-08-29,5,82.94,10,Online
T01732,C0597,P048,2023-09-28,4,53.58,5,Transfer
T01733,C0503,P043,2023-11-07,5,63.76,10,Cash
T01734,C0531,P095,2023-12-18,1,55.35,0,Cash
T01735,C0147,P010,2023-08-02,4,161.23,15,Card
T01736,C0141,P039,2024-08-15,5,168.39,5,Online
T01737,C0084,P060,2023-12-30,1,38.3,10,Transfer
T01738,C0269,P119,2024-02-09,3,82.92,0,Transfer
T01739,C0212,P055,2023-07-28,4,188.1,5,Online
T01740,C0536,P014,2024-11-05,1,42.31,5,Cash
T01741,C0031,P027,2023-10-21,5,26.59,10,Online
T01742,C0550,P015,2025-05-14,1,22.38,5,Online
T01743,C0552,P011,2024-01-29,3,81.78,10,Card
T01744,C0024,P095,2025-06-17,5,262.91,5,Card
T01745,C0456,P060,2023-10-09,5,212.8,0,Transfer
T01746,C0324,P019,2024-01-24,5,151.13,15,Online
T01747,C0600,P027,2025-05-06,2,10.64,10,Card
T01748,C0321,P096,2025-03-03,5,115.15,0,Online
T01749,C0013,P099,2023-08-07,3,138.82,5,Cash
T01750,C0405,P003,2024-11-07,1,31.91,0,Cash
T01751,C0599,P011,2024-01-07,1,28.78,5,Cash
T01752,C0588,P061,2025-03-28,3,118.28,5,Transfer
T01753,C0358,P016,2023-12-08,2,90.12,15,Card
T01754,C0588,P008,2024-08-16,5,245.47,10,Card
T01755,C0515,P092,2023-09-26,1,15.68,0,Transfer
T01756,C0336,P008,2023-06-29,2,98.19,10,Cash
T01757,C0473,P027,2024-11-12,4,23.64,0,Transfer
T01758,C0544,P064,2024-03-23,2,44.42,15,Online
T01759,C0144,P118,2024-10-31,4,46.16,0,Cash
T01760,C0358,P066,2024-10-10,5,232.18,15,Cash
T01761,C0215,P046,2024-04-09,2,67.34,0,Card
T01762,C0342,P070,2024-03-06,3,23.33,15,Card
T01763,C0376,P082,2023-08-31,3,152.01,15,Cash
T01764,C0089,P084,2024-12-26,3,65.25,15,Online
T01765,C0246,P075,2025-05-14,4,99.52,5,Transfer
T01766,C0356,P102,2024-08-27,1,51.89,0,Online
T01767,C0298,P032,2024-01-19,4,91.6,0,Cash
T01768,C0521,P117,2025-01-08,2,36.96,15,Online
T01769,C0187,P059,2023-10-09,1,42.82,5,Online
T01770,C0388,P053,2024-05-10,1,40.81,10,Cash
T01771,C0303,P023,2025-05-25,5,228.45,0,Online
T01772,C0262,P033,2024-10-14,1,25.16,15,Card
T01773,C0036,P115,2024-02-12,1,20.64,15,Transfer
T01774,C0210,P043,2024-03-06,5,63.76,10,Online
T01775,C0272,P006,2023-08-11,3,170.01,0,Card
T01776,C0194,P086,2024-10-26,5,139.5,0,Cash
T01777,C0503,P028,2025-03-22,1,59.36,10,Cash
T01778,C0499,P054,2023-07-06,2,60.72,15,Cash
T01779,C0522,P112,2025-03-28,1,15.28,10,Transfer
T01780,C0278,P059,2024-03-30,1,42.82,5,Transfer
T01781,C0217,P119,2023-12-15,1,23.49,15,Card
T01782,C0429,P064,2025-01-15,4,94.07,10,Card
T01783,C0584,P023,2024-01-31,2,82.24,10,Online
T01784,C0277,P112,2023-11-12,3,45.85,10,Card
T01785,C0243,P107,2024-01-12,3,125.97,15,Cash
T01786,C0503,P016,2023-07-10,4,190.84,10,Cash
T01787,C0022,P083,2024-08-18,4,166.32,0,Card
T01788,C0393,P108,2024-11-19,3,68.49,0,Cash
T01789,C0313,P027,2025-05-02,5,29.55,0,Online
T01790,C0211,P071,2025-02-21,4,36.41,15,Transfer
T01791,C0525,P029,2025-06-26,2,19.66,5,Online
T01792,C0291,P098,2025-02-23,4,87.35,15,Card
T01793,C0258,P013,2024-09-23,2,30.3,0,Card
T01794,C0116,P045,2023-09-18,2,44.3,15,Card
T01795,C0191,P070,2025-01-09,2,15.55,15,Cash
T01796,C0358,P034,2025-01-27,2,55.84,0,Transfer
T01797,C0070,P084,2024-12-13,2,48.62,5,Card
T01798,C0036,P093,2024-04-19,3,48.4,15,Online
T01799,C0138,P001,2024-11-16,3,40.96,10,Card
T01800,C0021,P008,2024-01-13,4,196.38,10,Card
T01801,C0579,P028,2025-05-03,2,118.71,10,Transfer
T01802,C0246,P108,2024-10-26,5,114.15,0,Card
T01803,C0495,P092,2024-11-01,5,70.56,10,Card
T01804,C0148,P019,2024-10-09,3,90.68,15,Card
T01805,C0572,P061,2024-08-28,2,70.55,15,Transfer
T01806,C0589,P053,2023-12-05,2,86.15,5,Cash
T01807,C0383,P011,2025-03-23,4,109.04,10,Cash
T01808,C0190,P038,2024-06-05,1,14.81,10,Cash
T01809,C0177,P054,2023-12-16,1,35.72,0,Card
T01810,C0037,P025,2024-03-05,3,150.68,15,Online
T01811,C0102,P089,2024-01-22,4,121.56,5,Card
T01812,C0487,P002,2023-12-03,2,62.75,15,Online
T01813,C0174,P008,2024-09-21,2,109.1,0,Card
T01814,C0344,P100,2024-10-29,2,31.33,15,Online
T01815,C0139,P009,2025-03-16,5,33.16,10,Cash
T01816,C0420,P070,2025-04-24,5,45.75,0,Card
T01817,C0348,P060,2025-02-01,4,153.22,10,Card
T01818,C0062,P013,2024-04-30,4,57.57,5,Cash
T01819,C0342,P103,2023-10-26,5,151.75,0,Card
T01820,C0473,P028,2024-06-08,5,280.29,15,Card
T01821,C0195,P097,2023-12-24,1,49.44,15,Cash
T01822,C0165,P012,2025-01-14,1,30.19,5,Online
T01823,C0580,P006,2025-01-12,5,240.85,15,Card
T01824,C0400,P064,2024-05-30,2,49.65,5,Card
T01825,C0026,P103,2024-04-09,3,81.95,10,Transfer
T01826,C0418,P102,2023-10-21,1,44.11,15,Card
T01827,C0584,P022,2025-05-28,5,91.95,0,Online
T01828,C0007,P059,2024-07-04,3,121.69,10,Cash
T01829,C0417,P007,2023-09-08,2,49.93,5,Transfer
T01830,C0301,P110,2024-07-17,2,104.65,5,Transfer
T01831,C0148,P012,2023-11-15,4,127.12,0,Cash
T01832,C0351,P024,2024-06-18,2,109.49,10,Card
T01833,C0146,P094,2023-11-18,1,45.8,10,Transfer
T01834,C0457,P103,2025-03-22,4,115.33,5,Online
T01835,C0024,P027,2025-04-27,2,10.05,15,Transfer
T01836,C0324,P013,2023-11-11,2,28.79,5,Online
T01837,C0419,P011,2023-11-21,4,109.04,10,Card
T01838,C0138,P035,2024-09-12,3,163.35,10,Transfer
T01839,C0115,P049,2024-07-12,1,18.76,5,Card
T01840,C0109,P074,2025-01-14,1,30.64,10,Card
T01841,C0175,P104,2023-11-15,4,26.38,15,Transfer
T01842,C0549,P114,2024-11-11,4,189.4,10,Online
T01843,C0570,P055,2024-02-02,5,210.38,15,Cash
T01844,C0220,P060,2023-07-14,4,170.24,0,Card
T01845,C0513,P068,2024-02-23,3,132.38,10,Online
T01846,C0266,P004,2023-11-01,5,254.79,5,Online
T01847,C0571,P012,2025-05-15,5,158.9,0,Card
T01848,C0503,P038,2023-11-13,5,78.19,5,Card
T01849,C0448,P039,2025-03-23,1,35.45,0,Online
T01850,C0585,P095,2024-04-29,5,262.91,5,Online
T01851,C0131,P107,2024-12-12,2,88.92,10,Cash
T01852,C0286,P070,2024-10-12,3,23.33,15,Transfer
T01853,C0460,P006,2023-11-20,5,269.18,5,Card
T01854,C0230,P074,2023-08-20,5,144.67,15,Transfer
T01855,C0281,P056,2023-10-17,2,35.72,5,Card
T01856,C0173,P009,2023-08-22,2,14.0,5,Online
T01857,C0152,P111,2024-05-24,1,44.77,10,Transfer
T01858,C0002,P113,2024-01-04,2,134.41,5,Card
T01859,C0063,P003,2024-06-15,1,27.12,15,Cash
T01860,C0299,P096,2025-06-03,4,78.3,15,Cash
T01861,C0114,P079,2024-11-10,1,45.04,0,Card
T01862,C0125,P033,2024-05-05,1,25.16,15,Card
T01863,C0024,P075,2023-09-13,1,22.26,15,Cash
T01864,C0241,P018,2025-01-10,4,163.89,5,Online
T01865,C0596,P087,2024-08-10,5,161.37,15,Card
T01866,C0398,P002,2023-10-12,5,166.09,10,Transfer
T01867,C0557,P108,2025-01-12,1,19.41,15,Online
T01868,C0265,P050,2025-01-30,2,72.46,0,Card
T01869,C0024,P118,2025-03-16,5,51.93,10,Cash
T01870,C0256,P056,2023-07-07,1,18.8,0,Cash
T01871,C0457,P011,2024-10-08,1,30.29,0,Transfer
T01872,C0095,P085,2023-09-13,5,262.44,10,Transfer
T01873,C0338,P065,2024-04-16,2,60.55,10,Cash
T01874,C0019,P025,2024-04-21,3,177.27,0,Card
T01875,C0372,P027,2023-07-14,3,16.84,5,Transfer
T01876,C0423,P053,2023-09-21,1,38.54,15,Transfer
T01877,C0385,P074,2025-03-31,5,153.18,10,Transfer
T01878,C0596,P114,2023-07-08,3,134.16,15,Online
T01879,C0453,P019,2025-02-09,1,35.56,0,Card
T01880,C0564,P018,2025-04-03,3,129.39,0,Cash
T01881,C0553,P117,2024-11-09,1,20.65,5,Cash
T01882,C0228,P066,2025-06-22,4,196.67,10,Card
T01883,C0153,P115,2023-07-31,4,92.26,5,Card
T01884,C0544,P045,2023-10-08,5,130.3,0,Online
T01885,C0269,P089,2024-01-06,3,91.17,5,Online
T01886,C0233,P102,2025-02-15,3,147.89,5,Online
T01887,C0320,P021,2023-08-31,2,42.77,10,Online
T01888,C0018,P002,2024-01-21,3,110.73,0,Cash
T01889,C0097,P099,2023-10-16,5,231.37,5,Transfer
T01890,C0110,P071,2025-06-26,1,9.1,15,Card
T01891,C0181,P101,2024-10-27,3,71.6,10,Card
T01892,C0294,P086,2024-10-05,4,111.6,0,Card
T01893,C0063,P060,2023-07-08,5,202.16,5,Cash
T01894,C0057,P034,2025-03-04,4,94.93,15,Card
T01895,C0056,P011,2023-07-05,2,57.55,5,Cash
T01896,C0470,P012,2025-03-03,1,31.78,0,Cash
T01897,C0206,P116,2023-09-18,2,14.64,15,Card
T01898,C0360,P012,2024-08-22,2,63.56,0,Transfer
T01899,C0546,P092,2025-01-19,3,47.04,0,Online
T01900,C0440,P056,2025-03-24,3,53.58,5,Transfer
T01901,C0320,P049,2024-03-16,1,17.77,10,Cash
T01902,C0148,P057,2025-04-20,4,150.14,5,Transfer
T01903,C0393,P106,2024-12-28,1,68.75,0,Card
T01904,C0341,P031,2023-09-01,1,31.85,10,Online
T01905,C0210,P094,2023-12-02,3,129.77,15,Cash
T01906,C0266,P031,2023-10-14,3,90.24,15,Card
T01907,C0503,P053,2024-07-05,5,215.37,5,Cash
T01908,C0326,P097,2025-02-07,1,55.25,5,Online
T01909,C0188,P051,2024-09-07,4,92.6,0,Online
T01910,C0429,P091,2025-05-21,4,101.02,10,Online
T01911,C0157,P110,2024-06-07,2,99.14,10,Card
T01912,C0453,P114,2025-03-22,4,178.87,15,Transfer
T01913,C0301,P061,2023-11-01,4,166.0,0,Cash
T01914,C0593,P008,2024-02-21,2,98.19,10,Card
T01915,C0038,P053,2024-03-11,1,40.81,10,Online
T01916,C0309,P019,2024-07-03,2,67.56,5,Transfer
T01917,C0279,P104,2023-10-26,2,13.97,10,Card
T01918,C0315,P093,2024-01-03,4,64.53,15,Cash
T01919,C0114,P020,2023-08-10,1,17.1,10,Online
T01920,C0259,P078,2024-08-23,3,110.98,5,Transfer
T01921,C0263,P074,2024-12-16,2,68.08,0,Online
T01922,C0284,P103,2024-01-21,3,91.05,0,Card
T01923,C0104,P086,2024-10-27,5,118.58,15,Cash
T01924,C0560,P071,2024-08-23,1,10.17,5,Online
T01925,C0256,P001,2023-10-01,4,57.65,5,Transfer
T01926,C0231,P044,2023-07-14,5,266.09,10,Cash
T01927,C0067,P068,2025-03-29,5,220.63,10,Online
T01928,C0550,P003,2023-08-01,4,108.49,15,Transfer
T01929,C0019,P045,2023-09-15,1,26.06,0,Card
T01930,C0187,P012,2024-08-24,2,57.2,10,Transfer
T01931,C0201,P085,2024-02-13,3,174.96,0,Cash
T01932,C0254,P111,2023-09-15,1,49.75,0,Online
T01933,C0053,P040,2024-07-29,5,205.36,15,Card
T01934,C0246,P064,2025-05-16,2,52.26,0,Online
T01935,C0055,P008,2025-04-07,2,103.64,5,Card
T01936,C0207,P014,2024-05-15,5,189.29,15,Card
T01937,C0083,P012,2023-10-16,3,95.34,0,Card
T01938,C0215,P039,2023-06-28,4,141.8,0,Cash
T01939,C0110,P097,2025-06-05,4,232.64,0,Online
T01940,C0569,P054,2023-12-19,1,35.72,0,Online
T01941,C0160,P098,2023-07-16,3,77.07,0,Transfer
T01942,C0101,P075,2023-12-21,3,66.78,15,Transfer
T01943,C0374,P118,2024-05-24,1,11.54,0,Card
T01944,C0211,P057,2024-04-22,3,112.6,5,Transfer
T01945,C0543,P022,2023-10-20,1,18.39,0,Online
T01946,C0171,P072,2024-03-28,5,224.36,15,Card
T01947,C0483,P018,2024-11-18,4,172.52,0,Cash
T01948,C0480,P015,2024-02-05,4,94.24,0,Online
T01949,C0029,P071,2023-12-20,5,53.55,0,Online
T01950,C0159,P017,2025-06-12,2,94.95,15,Transfer
T01951,C0493,P063,2025-05-10,1,45.38,5,Online
T01952,C0347,P108,2024-12-10,2,45.66,0,Online
T01953,C0430,P072,2024-04-21,1,52.79,0,Cash
T01954,C0294,P071,2024-12-12,1,9.64,10,Transfer
T01955,C0477,P111,2025-05-14,5,248.75,0,Card
T01956,C0174,P084,2025-01-03,3,69.09,10,Cash
T01957,C0139,P028,2025-03-28,4,250.61,5,Cash
T01958,C0125,P051,2025-05-28,5,115.75,0,Online
T01959,C0392,P071,2023-09-23,3,27.31,15,Transfer
T01960,C0408,P086,2024-07-14,4,111.6,0,Online
T01961,C0454,P088,2023-11-06,3,99.21,0,Online
T01962,C0122,P032,2023-09-21,5,103.05,10,Cash
T01963,C0092,P042,2023-12-19,1,40.9,0,Online
T01964,C0306,P106,2023-09-15,2,116.88,15,Card
T01965,C0005,P062,2024-02-01,1,58.48,5,Cash
T01966,C0373,P006,2024-03-31,5,255.02,10,Cash
T01967,C0289,P109,2023-08-26,2,60.74,0,Cash
T01968,C0592,P018,2024-10-18,3,116.45,10,Card
T01969,C0226,P004,2024-03-13,1,48.28,10,Card
T01970,C0436,P077,2023-09-27,1,18.28,0,Transfer
T01971,C0235,P006,2024-04-03,2,113.34,0,Transfer
T01972,C0073,P049,2025-06-14,4,71.1,10,Online
T01973,C0298,P052,2025-06-15,2,73.4,5,Transfer
T01974,C0239,P040,2025-06-11,5,241.6,0,Card
T01975,C0004,P042,2023-09-01,1,40.9,0,Transfer
T01976,C0511,P054,2025-05-23,3,101.8,5,Online
T01977,C0518,P105,2023-07-31,5,256.36,15,Card
T01978,C0328,P061,2024-10-09,2,74.7,10,Transfer
T01979,C0114,P018,2023-10-23,5,215.65,0,Online
T01980,C0505,P043,2023-11-13,1,13.46,5,Cash
T01981,C0382,P098,2024-05-25,5,109.18,15,Card
T01982,C0350,P047,2024-08-13,3,48.42,5,Online
T01983,C0047,P098,2024-03-14,5,109.18,15,Cash
T01984,C0233,P094,2024-10-05,4,203.56,0,Cash
T01985,C0303,P101,2023-11-15,3,67.63,15,Transfer
T01986,C0287,P055,2024-12-06,4,168.3,15,Cash
T01987,C0038,P046,2024-05-23,1,28.62,15,Card
T01988,C0028,P059,2023-10-22,2,90.14,0,Online
T01989,C0126,P047,2025-05-21,4,61.16,10,Online
T01990,C0545,P083,2024-11-27,2,70.69,15,Card
T01991,C0222,P013,2024-12-12,4,54.54,10,Transfer
T01992,C0234,P068,2024-02-17,1,46.58,5,Online
T01993,C0304,P106,2024-10-25,1,61.88,10,Transfer
T01994,C0471,P086,2025-03-24,2,47.43,15,Card
T01995,C0166,P073,2024-02-05,2,16.6,10,Transfer
T01996,C0404,P088,2024-03-24,5,140.55,15,Cash
T01997,C0462,P024,2025-05-07,5,273.73,10,Card
T01998,C0460,P054,2023-09-16,4,128.59,10,Cash
T01999,C0011,P058,2024-01-24,4,85.54,5,Cash
T02000,C0490,P009,2025-06-08,2,13.27,10,Cash
